feature1,feature2,class
0.9860376697500189,0.06552291490879858,3.0
-1.4600767916328186,1.6512964962078955,3.0
-0.8962027888294339,-1.2796465561453543,3.0
0.0942181245507141,-5.933941004943869,2.0
2.86497436276114,-8.743052651346309,1.0
4.381356527150839,-2.8038702670043203,1.0
-2.7461397678121644,-11.572160427632317,0.0
1.2444686926375543,-3.9049966282594037,2.0
6.3032558364200515,-3.0363829436631655,1.0
6.620398205450143,-2.5610024613766047,1.0
0.5075058897495476,4.4427365681443565,3.0
0.9092145631218942,-3.5852952754421574,2.0
-3.87301890718923,-15.027236206058575,0.0
2.2649580320229674,-4.282855936165493,2.0
4.5824426864845655,-4.047877455488573,1.0
-4.830488622925554,-7.669348124571833,0.0
-1.071824545464049,-10.645428693110382,0.0
6.943368138151174,-4.828063570661872,1.0
-2.2442776780909037,-11.442646412407093,0.0
4.121224906674544,-4.368780953911528,1.0
-1.8603433637465492,-1.9581254863995388,2.0
-0.9263714430069725,3.8797265994559407,3.0
0.7813428759749602,2.559486109085277,3.0
2.024050624624602,-5.212099332676896,2.0
4.916388048350253,-6.214438726121914,1.0
-1.843299691423875,-13.249404860294355,0.0
2.836370546175924,-0.13076477275484422,2.0
7.338424532735786,-4.404390198618141,1.0
-2.6328806484769487,-8.797352273646894,0.0
-0.6183314277212857,-7.06116477332383,0.0
-0.8839731135591266,-6.305037063894436,0.0
-1.975620650417432,-3.761915285018741,2.0
0.027122755623255723,-0.14903854854171517,3.0
-3.0731492373585034,-9.419047917081787,0.0
-0.9340115258461854,2.563652578844604,3.0
0.0669937920123353,4.690070568602165,3.0
-3.43896257222598,-1.397108541586637,2.0
-1.8486452987584898,-2.799537491811668,2.0
0.4301379172183797,-7.95212851630656,0.0
12.38174492256488,-6.988303966654517,1.0
-3.5757808495625856,-8.582575275874259,0.0
-5.7463973894989815,-10.172370115857218,0.0
-1.9962503402829568,-4.368464422155463,2.0
8.383344340305417,-3.7680737947723033,1.0
-3.1192190803543838,-7.422120149437472,2.0
8.132244240320706,-6.251481902812336,1.0
-0.5717903891879239,2.0848083026734963,3.0
-1.794879129900096,3.623588314181718,3.0
5.379030270027317,-5.449168728378096,1.0
1.9454571307671453,-9.699018447011948,0.0
1.2796216607882567,2.371084758477251,3.0
-1.5030299547714556,-2.527693684037618,2.0
1.5532978748239699,3.998055079171121,3.0
1.6571441555870496,-4.872914902978524,0.0
-1.7908361338333183,-9.533478351249995,0.0
7.74606622925575,-8.342568504814551,1.0
0.8301912541710887,-10.469188835759768,0.0
-3.4777343124469606,-11.661619984670448,0.0
5.970120155436306,-5.864176024501549,1.0
-4.223709631518611,-9.556072908508334,0.0
4.930011600005875,-5.44150473132359,1.0
8.049348101845322,-6.357713326026731,1.0
0.26147104418523504,-4.609426449641686,2.0
-1.2321575151128208,-5.016161048584949,2.0
-0.5211871767708804,3.086363678685674,3.0
0.08857717840370882,-7.168068721455789,0.0
0.6343560613461268,0.7456630897820575,3.0
6.836212643922517,-4.930411659999662,1.0
6.55542776100469,-0.4587214393314367,1.0
-2.1371488555898877,-3.8217459870982493,2.0
-5.114245535229398,-13.760536821106424,0.0
7.4676294227523865,-3.232902736187675,1.0
-3.6985936453316826,-1.5464942626430154,2.0
1.1196107630049115,-3.4736891462255484,2.0
-1.7075996065395467,-9.62492687008087,0.0
8.845472869126233,0.4370546104837496,1.0
0.21299957176283857,1.7495645908349862,3.0
-1.3872611310917315,-1.3629657178936379,2.0
1.762806995284617,6.217637061821405,3.0
-4.162977249146705,-8.476682893299449,0.0
1.735867377008434,-2.0102625278013178,2.0
-1.1008905651905239,-4.254874922016886,2.0
-0.573233847457848,-3.679568034798755,2.0
0.12385643281938824,4.5613986551618595,3.0
2.728874619370725,-2.10265114315071,2.0
4.188763763821728,1.669343483571064,3.0
9.061734306741425,-1.0765529658971316,1.0
-2.1317921366038353,-4.3983782420586826,2.0
-0.13051899428037705,-7.3558617323970505,0.0
0.5055135974595415,-1.3099394736754557,2.0
1.646278053750317,6.659039463925282,3.0
6.324508541340082,-0.9718845966891765,1.0
-1.300589122310082,4.6493638964907875,3.0
-2.0711096167487972,-6.790407978815173,2.0
7.281091717465971,-2.69505299310518,1.0
-0.5428144683141656,-6.219163282157146,2.0
-2.94127266423252,-4.830233152966867,2.0
5.627412336595523,-2.8180404897457807,1.0
0.59826896900772,0.7453839418439439,3.0
-2.0683416210075203,-3.4490489216194193,2.0
5.722191898086833,-1.9527163202740163,1.0
1.4356530238565046,-4.667156129158894,1.0
-2.5584382769342806,-3.534744259764941,2.0
1.402092786673001,-9.387871185803768,0.0
-1.9166272292194535,-12.35351327230938,0.0
4.939669651963606,-1.1378152470435139,1.0
-0.9736606493676889,-10.698478069287548,0.0
-1.4505507386894498,-3.0858953514690435,2.0
-2.1961465994314042,-4.03885431053183,2.0
2.224581374532431,-3.3957265902003915,1.0
-1.3766360243853255,-8.95058657156927,0.0
8.48872015134918,-2.3996012058480787,1.0
-1.952579302802167,4.601909820324149,3.0
0.6190746367887752,-1.7339653968841557,2.0
1.456790111279449,-8.79931821432119,0.0
-1.254629730795453,-8.890508474995169,2.0
6.295655361852922,-5.735821940595038,1.0
8.859517445654399,-4.544911751731579,1.0
0.11016550759363253,-8.051201508292433,0.0
0.7876404549674314,1.4583433653624864,3.0
-2.107183550945307,-8.505101593877143,0.0
-1.339311424029931,-4.888262017599392,2.0
-3.405050151748785,-4.276292624544833,2.0
-1.745784841454541,-10.279830591398301,0.0
-1.1994045913536937,-5.014768582360107,2.0
4.094090890023385,4.963961607819694,3.0
-1.7828301750088498,3.5163729500992,3.0
5.89647305941736,-3.7415941712618794,1.0
1.9838872037454514,-5.836930123991085,1.0
1.3376526592031475,-4.352241099873825,0.0
1.9186422843425202,3.1985807994323925,3.0
-2.3262712284009783,-9.938123803189512,0.0
0.8847462711223144,-4.229272305091438,2.0
-1.5927130471493705,-8.63784614976531,0.0
-2.6760836138908957,-5.109513084580573,2.0
0.2789544425796662,-4.714114077098892,2.0
1.5933334386690627,2.0017995127041184,3.0
1.085025541527446,1.885650874741326,3.0
3.8268849010545063,-0.45301164627364976,1.0
-2.045911066947806,-6.357479607595961,2.0
0.3201600934841149,-1.798774963092125,2.0
2.2610947758224684,0.455586673700513,3.0
1.239699915503754,-0.8776550692286662,2.0
-1.8301826837972475,-10.901172772110503,0.0
6.7983181384407425,-1.776057291078461,1.0
5.350978309430769,-7.938236479976793,1.0
3.7826737606811305,-3.4569868099233187,1.0
-2.8197553389940007,-5.661302711894199,2.0
-3.229119579616608,-5.198538100698738,2.0
-2.9486352353659138,-6.0034595254280765,2.0
2.174148807459546,3.5215731257927034,3.0
-1.69743444663791,-8.379514193182452,0.0
-0.8685326567575613,-4.154426439643932,2.0
3.347532533095464,-1.7428928152556749,3.0
6.138281474360133,-6.244096199434898,1.0
-1.7861071621456068,-11.108509541981485,0.0
-1.4275005700170207,6.2785096799069535,3.0
-1.5033455532615023,-5.176774398310222,2.0
-0.7825113523450857,-10.926726124181265,0.0
-2.49190078787987,-8.276605908404397,0.0
0.11511899222523558,-2.7203731850310104,2.0
-1.447808067928864,-3.559759738940328,2.0
-2.1004132168026803,-3.336380156014313,2.0
4.393338215472687,-3.6606161626824467,1.0
-6.354119372996672,-10.148648331739293,0.0
-1.6172796528110707,-8.716552484705133,0.0
7.648979978304621,-1.3038779534317695,1.0
1.3160470271853093,-12.207618560303434,0.0
0.6103372872489894,-4.233173242149456,2.0
7.503440830423649,-2.9321947464016507,1.0
-1.1463793152306472,-9.149771905251237,0.0
3.265866290393361,-3.2876134366602408,1.0
-1.173301558191862,-5.543060890531805,0.0
-2.1032053424096753,-10.169575873514223,0.0
0.4626690633883199,-3.2069329495263776,2.0
-2.681105065828463,-7.336950139991354,0.0
3.165652546513672,1.6226966063697734,3.0
-1.116267642398183,-2.458418016341572,2.0
4.804136970865949,-1.7897075292383366,1.0
2.603036936252555,-6.646999718822381,2.0
-0.16078058087641733,-9.880721990566219,0.0
-1.0599647805606982,-5.187631896073468,2.0
0.9462262876756635,6.143536229470893,3.0
-2.0054826374750094,-6.484269679524765,0.0
-1.510508175324499,2.9978304361178965,3.0
5.992139008950623,-6.07877235504751,1.0
-1.1494713163504404,5.808806353343645,3.0
1.7019665754865814,3.363053525998832,3.0
0.3729739448644429,-1.4710917113601614,2.0
-1.3342673902400528,-2.8082373970590075,2.0
-2.4310426849478626,-1.421426845725012,2.0
5.664844309437743,-4.747336481159135,1.0
0.34646667050387236,-9.355933998535967,0.0
0.7192205817583162,5.569841046341023,3.0
1.215140495673387,2.155039816368315,3.0
8.189570778896053,-4.434336630404726,1.0
2.563587484526091,2.367181274297198,3.0
4.370268064858056,3.961576551982983,3.0
-2.5673673439757576,4.674732920020225,3.0
0.6755888357803345,1.4689268009538694,3.0
3.1613515370022607,-0.9195969568790918,1.0
1.430172444667001,1.5239805113885654,3.0
2.315720642283904,-4.934846220325177,2.0
3.687086030541104,-1.9345646621034756,1.0
4.435952920962115,-5.041800959740863,1.0
-0.6186534426907606,-5.49806709135684,2.0
2.405779065699523,2.009455365578003,3.0
-1.6448612647545797,-7.418921128628738,0.0
-0.11399832512159414,3.7391719263457395,3.0
8.104136203089197,-6.013394978280653,1.0
0.7694261476154899,1.8891942299210087,3.0
-4.332099659840704,-10.719296041059161,0.0
6.82510529919328,-6.017207138067654,1.0
-1.3504133659629172,-7.065350753001871,0.0
0.7749699008334163,-3.379698554651787,2.0
0.02225742689094712,3.860444217922625,3.0
1.5723337583137464,-1.5139991323382294,1.0
2.0986595840070645,3.748282012868376,3.0
6.548402220468693,-7.1324691319806695,1.0
-2.0308045669794907,-7.151227440437747,0.0
1.9877422445683113,-6.75122019623705,1.0
0.5723465935564511,-7.561887432203889,0.0
0.44286740093081844,-3.088172218780604,2.0
-2.2660679694334824,-6.559055579674295,2.0
8.034549531492782,-4.243554609630843,1.0
2.2412901000115317,-4.6257051759862104,2.0
7.6916462650670265,-1.150576598140293,1.0
1.1766079020684646,4.358560681253275,3.0
-2.5296547446958733,-12.792064392626111,0.0
4.999077506297121,-6.853840963559687,1.0
-4.282912342351106,-3.832161337266438,2.0
4.267659173190229,-5.819348446715791,1.0
4.589332780011285,-0.1075418358091298,1.0
1.2210860073429473,0.7966806738020826,3.0
5.02863845329018,-8.177278118748642,0.0
1.6582017519511916,-4.88894552271616,2.0
-1.5946644089514965,4.475779255320871,3.0
0.4783769200497181,2.5997630010484474,3.0
1.5934726940714214,-6.829613331106012,0.0
-1.8299063047519555,-1.9479428488537696,2.0
2.3408314490673257,-1.0706529330145766,2.0
-0.22640215779398098,-2.78559861811162,2.0
0.5823791457271191,6.156394713202724,3.0
5.95384465830144,-2.654770890091251,1.0
-3.3582958410760946,-6.876081274883694,2.0
-2.015449679229218,0.20177078585395014,3.0
0.1373838089949051,-7.048318855802683,2.0
-0.3683421636141019,-2.4829824197205363,3.0
-2.3882320457324,-9.454174103812267,0.0
2.519743987078411,3.959886438956758,3.0
-1.430871368941034,-6.346844529119341,2.0
-1.3687703207669153,-5.0284725637915795,2.0
2.6792956339636493,3.1622823469301036,3.0
-0.7388166972413378,-0.5994369509850777,2.0
-1.029788412444076,-1.406224422340804,3.0
1.670018854077378,0.5192624111763453,3.0
-0.7980113078871476,3.386152135678053,3.0
1.8051696627119014,2.1410654430196785,3.0
-0.17296095541932988,-10.41487171557464,0.0
2.808654721863163,-0.1513367708536908,3.0
2.5750608394344305,2.1001497357518417,3.0
6.690205642397161,-4.290658423125991,1.0
-0.5208383895504662,-8.382026344230246,0.0
-0.6346004404250052,-5.481780888380028,2.0
-0.49642928903297473,-5.331622966761702,2.0
-2.186558376311252,-6.4835873160737725,0.0
4.031310325192548,2.784066746001082,3.0
-1.1088751522649518,-5.087808339500101,2.0
5.903074632876414,-5.299988852992628,1.0
5.6105580716931005,-7.225195235456227,1.0
0.3006240151547667,1.1394129809112448,3.0
4.673546345305029,-2.652672501578638,1.0
6.917997706635679,-3.7800257016919523,1.0
-0.2742550536464545,-5.233720047363603,0.0
1.2461342383646588,2.259014000397137,3.0
-1.6576274275276095,6.914308259191351,3.0
-1.0109311513160677,-2.630267309463879,2.0
5.616666149769751,-3.1132530593341805,1.0
-0.06479322916667063,-9.32082551373874,0.0
0.05590642161983972,-6.509828963549171,2.0
-0.7177058043028541,-0.8298122695178711,3.0
-3.424988494708162,-6.5904157160017185,2.0
-3.014886497583962,3.0041162674222885,3.0
-3.385041057812371,-8.009668796161701,0.0
3.0051727130222887,1.8294069625770495,3.0
0.05590994510262992,-11.582760652333844,0.0
7.310230759611535,-2.9318212907865626,1.0
-5.564812903878062,-4.109869413390869,2.0
-4.13799336896156,-6.563728711189034,2.0
2.3975454143609802,4.357578992484477,3.0
4.142223575940365,5.110823395745605,3.0
-2.7965077083815686,-8.692620153178488,0.0
6.1578341281060265,-2.7849245483984806,1.0
-1.6915661715276853,-12.666591242369773,0.0
2.016394506263536,-6.1956745566603315,2.0
0.7995802675825723,-8.337265035776136,0.0
-1.28265791944695,-9.549138274303653,0.0
6.947396495805645,-3.9063232162045196,1.0
4.0969143770226095,-3.767218009449277,1.0
-0.005741297181306448,-5.948822515425352,0.0
-6.19243181777567,-4.083876170952507,2.0
-4.094615332505448,-7.841684302614471,0.0
-2.479575046087735,-11.677982066250594,0.0
-0.9098192241106464,2.3460951850647738,3.0
0.8289280774929808,-9.478891125888774,0.0
7.682245875706397,-4.416307346831006,1.0
-1.001263322667955,2.017178027045643,3.0
0.7160626088149209,-3.271846153089459,2.0
9.020148750010408,-2.589409080720799,1.0
-2.4362433658711726,2.67246546526096,3.0
-3.4223317059340506,-3.6063579174201705,2.0
-2.6380352681367727,-1.8858223118025421,2.0
-4.746613924401665,-8.94064489815109,0.0
-2.276822061672714,4.5657252648721425,3.0
-2.263934740642894,-0.22383312467505556,2.0
-5.231628735560087,-10.131948504743727,0.0
1.2188958146101005,-2.7115633649011555,2.0
-1.0234142187234139,-10.536358793613015,0.0
-0.6597092861983698,3.1361440941103407,3.0
2.852162857460403,-3.7471610573166405,1.0
2.604200537730087,5.348633755941188,3.0
5.784588250947174,-1.3167037607225538,1.0
2.8564068880488875,-6.236175608446599,0.0
7.56286566115846,-6.4259675194726915,1.0
5.372573264554101,7.84490376497453,3.0
-1.266825901717931,-2.785875848559016,2.0
-0.13686093339762873,-3.7492750387500187,2.0
3.4664506335792464,3.066483626376593,3.0
-3.574244366391524,-1.7138722632269299,2.0
-2.1134232352614055,5.266457000592852,3.0
-2.577320453625013,7.018374475847755,3.0
3.2498260256943,0.4186925408087774,3.0
-2.8652375244554866,-7.81828899606151,2.0
0.25884507850544386,1.6296139349788143,3.0
5.787011215627468,-3.748907191412278,1.0
0.6189134209528762,4.08970907833456,3.0
-2.832418777942189,-1.7730643607909329,2.0
-3.899648538642803,-1.6173635673203064,2.0
0.9962645454002044,-2.484094247240594,2.0
7.884565282044674,-4.694338560991265,1.0
3.151793693826895,2.3053662173934346,3.0
-0.7534054558073189,-7.287742776383526,0.0
-0.43965849499663323,-5.119394867514428,2.0
-3.398852088665443,-2.275456128607427,2.0
1.8334049369828884,-1.4658194192496903,1.0
-0.682288594543556,1.7312321277175728,3.0
0.9852679358403034,-2.6174434643618736,1.0
-0.566806637499049,-11.387699385849167,0.0
8.440171525503407,-1.968914013038873,1.0
-4.871640795093509,-5.2405710887128345,2.0
4.899411475730481,-4.031968166287731,1.0
1.543208107580394,5.666429150480983,3.0
-2.8347258060542497,-8.227706234223316,0.0
-2.470146439284851,-10.757539767521425,0.0
-3.4078250451836545,0.2068251041184812,2.0
3.131589396437128,-6.4363076528717365,1.0
-5.542360523055248,-8.547581050747382,0.0
1.7433742598543935,2.9229060248119683,3.0
1.653300399754466,4.614622432778124,3.0
6.805339425455198,-3.621438951904345,1.0
-0.027389021815840797,-2.9840384916334117,2.0
1.3752886343457225,-5.039105776998102,0.0
-2.7995273371509004,-7.756351230526616,0.0
-2.1751305743755784,-2.184240123697518,2.0
6.113216074299655,-4.356915773759095,1.0
0.10604128846863214,7.0156150429327635,3.0
-2.139936518168301,-7.362368327674913,0.0
-0.782477820932435,-8.133989677820432,0.0
-2.7582714627189597,-1.7397848417778783,2.0
-0.3071404667674851,-8.397363996646162,0.0
2.38454933494638,2.575428399507884,3.0
-4.851056567988703,-12.238561825377564,0.0
5.796953265826861,-1.703156650324054,1.0
2.5400647373913983,0.7824570719720858,3.0
-1.2002930163658505,4.274746829770776,3.0
4.805988602963189,-1.3900499927801917,1.0
-0.4703508964023462,-8.543077975706527,0.0
-0.881091646475022,0.9859397665084928,3.0
4.144091895042803,-3.379801165351434,1.0
-2.80904129915225,-9.28378771760306,0.0
-2.6901075428560133,-2.389102196444947,2.0
-0.5437375498086934,-1.4388966823051255,2.0
-6.085057475828993,-10.77674489127668,0.0
0.7352701287820573,-0.0490698958796405,3.0
3.9744759305518973,2.2364295431682977,3.0
-0.1315523723592824,-7.761983861986698,0.0
8.041514282981446,-3.7687931017672462,1.0
1.7149542533129467,1.5479470237460258,3.0
1.2801547689306019,-2.1747602401841117,2.0
5.247789997401315,-4.55354431112444,1.0
2.056294520561966,-10.794989746940363,0.0
-4.37390750443682,-4.7679008216342025,2.0
5.8428870353967985,-3.3151874784181845,1.0
0.003185363476517322,1.0855443368762316,3.0
0.20436858846700567,-1.3154576812339926,2.0
-0.27094734624165107,3.4409639254452973,3.0
5.3671233293087095,2.2605042110219142,3.0
-0.10702300535426668,-2.872775259944441,0.0
-2.1285965694040234,-5.4409913161068655,2.0
-0.0007005707522890203,-1.283883785755529,3.0
7.867170509268204,-5.980388477810365,1.0
-0.4189046539447405,-8.186788142524884,0.0
-2.356031101109368,0.20829705121665176,3.0
7.96335783471887,-3.059372951388763,1.0
-1.0867409894179332,-6.069470879997051,2.0
-0.25527595374081913,-9.388241762577207,0.0
-0.33609883736881696,4.498937374686526,3.0
0.8224595178253045,0.5857598709251195,3.0
-2.1863617801021107,-9.5033646375133,0.0
-0.9666211822048988,-8.681092010498439,0.0
5.6727845464630615,-2.9626549739227412,1.0
5.798476478908474,-6.827274448876612,1.0
-1.2973402490434132,-4.946892692786995,2.0
0.9466970325511688,-9.544155271501833,0.0
-5.282091184231692,-2.7948071686069635,0.0
-0.08151622919003465,-9.819073243805457,0.0
-0.22652380899061575,6.020296882618059,3.0
-1.2793248404393538,1.765014736023073,3.0
9.679827413929164,-5.865256842438488,1.0
3.813324245052305,4.112525115188975,3.0
-2.7226304410589584,-7.9057922089064565,0.0
-1.3290372082731323,3.3291443162815204,3.0
1.1170402234973476,-7.797131412774383,0.0
-0.9899357700135993,2.2375172806882566,3.0
0.21554575393865072,-8.284692525278585,0.0
7.197522151247901,-2.4594722677985024,1.0
-4.335941681671748,-1.9958683175521614,2.0
-0.3592682825926048,-8.708005445234388,0.0
1.5225038899165808,2.587352500937345,3.0
-1.2662625249341621,-2.8653225012311854,2.0
2.3537451467230914,-2.694738766479042,1.0
4.158605068605848,-3.457135994767829,1.0
1.4551621793472855,-4.757255148215453,2.0
7.81983410039542,-6.857616664339927,1.0
5.639490187021589,-5.494462822526326,1.0
7.541462018302864,-2.8848966318096925,1.0
1.0837712398453312,1.134615454403282,3.0
-1.6925963623964562,-9.762680747973867,0.0
4.919362000715448,-1.1902691108440662,1.0
-3.2263579823841795,-2.3370543447706105,2.0
5.010352103924176,0.08676611575026794,1.0
-1.0183770841435908,-11.183204118683093,0.0
-0.8527397188157124,-3.796771480039542,2.0
-0.26541932751137365,-1.7660091718181286,2.0
0.34333592275213765,2.4420636282388113,3.0
0.3086329518618385,-4.094796880340618,2.0
2.983045745755126,-1.736797352914031,1.0
0.04421567080272615,-9.737242897686693,0.0
-0.05979116824081643,-5.069612159399703,2.0
6.620108233053406,-3.8942630618658916,1.0
0.22610776608103705,-1.4916708772765856,3.0
-0.7499413679678457,-7.775783614332269,0.0
0.02679764824964448,1.1613669371331934,3.0
-1.3034431321618953,-3.154848860568957,2.0
0.4328630097572691,0.2307407894457203,3.0
7.748051460008565,-8.133219123960549,1.0
7.011185697024013,-5.095869531106615,1.0
-1.1906900355093903,-7.575282099114075,0.0
7.805795539609413,-4.671973364646797,1.0
-1.4866264367979598,2.8868413428087054,3.0
-1.5451570075116141,-9.957289530647667,2.0
6.010114546342261,-6.227827514683008,1.0
0.4405760951262946,0.40329276086317956,3.0
6.370835269796797,-0.8919851335072373,1.0
1.5753463692080505,2.0382437508644657,3.0
-0.02071372729973775,2.6028754179123044,3.0
3.1124076579214437,-6.100414169854826,2.0
-2.7909731346306135,-4.419773551918934,2.0
0.7315565943976328,4.361765270318315,3.0
-0.3979059325375023,-11.501042884225813,0.0
-1.4453342766071784,-9.4751388481023,0.0
-1.170991450161147,-1.9181385962293822,3.0
-2.2617664747186206,-9.749548178358538,0.0
0.7728645564966907,5.413352201000096,3.0
-2.0110433529018703,-6.376491246493275,0.0
0.0877776317638343,2.977143059775552,3.0
-0.8556826004945776,-4.042075539215239,2.0
3.9095735245721626,-4.619620957589953,1.0
-2.8714752250750557,-7.072084239063637,2.0
-0.9811917182371093,-0.07769441419420975,3.0
-1.8190665199010059,-11.769440071544363,0.0
0.49714050370625085,-8.167030811576804,0.0
-0.9228400570856927,-0.9498933934007519,2.0
-0.22516721937311746,-4.893809781012251,2.0
1.3953243247795761,-8.311697868412237,0.0
2.879235879649215,-1.7311865538908782,1.0
-0.33476601164094466,-2.1851000453836695,2.0
-4.14341211344817,-3.990722665001853,2.0
0.6164214412538367,-3.242121017504426,2.0
1.5531661683054665,-6.4584011353666035,1.0
-0.0976091016705447,-5.453641178811706,0.0
7.120163597803045,-6.476274788596156,1.0
9.604005633521082,-3.814289624101391,1.0
3.5746436158985095,-3.8218855381884556,1.0
0.4108421930650423,-2.536006302618558,2.0
-1.437435841088055,2.558935146412209,3.0
6.211831992289917,-3.523419301281992,1.0
-1.3345661909026159,3.021757939049146,3.0
-1.3714036940339502,-9.676306327892634,0.0
-3.098153465135331,-9.165876754221618,0.0
0.7072028203217918,5.557080557655831,3.0
-1.5695984526656566,-9.012112407447102,0.0
7.023117803033876,-1.9828428176110542,1.0
1.3155650178099392,-1.348180576058375,3.0
1.6789489230850239,-0.13503372502127853,3.0
0.5906459472411402,3.354811039696615,3.0
3.481144479012853,-6.155675505513043,1.0
-4.520247504160775,-4.4512063729105,2.0
0.0014671217185684426,-10.406670658122334,0.0
-0.6869749266037128,-11.083710461816537,0.0
1.002206681146806,3.899099744937856,3.0
-0.4616834554734697,-8.385274167771803,0.0
0.4732600977978758,-9.5406990480683,0.0
0.923229423147147,-3.140099399368931,2.0
5.460474935445994,-6.538893808012517,1.0
5.226127617228986,-5.090571739263198,1.0
-0.6889785105637558,2.51298688100408,3.0
-1.9404969551233524,-4.756071736852613,2.0
4.683307829985939,-4.226770276679799,1.0
1.1879248039291426,-4.7295693935463685,1.0
5.380387435552198,-5.42844795803525,1.0
-0.24754956546181117,-8.132361007504333,0.0
-3.8435170087936688,-7.332537086816744,2.0
-2.864787620272939,-9.175097505461757,0.0
-3.441505038458381,-9.918368905216028,0.0
2.8153439908037674,1.8735151658901452,3.0
-0.405390056956327,-8.234167570044736,2.0
-2.884892452331348,-9.970829432584413,0.0
3.0699585198321904,-3.0818701060920817,1.0
6.232327183384997,-1.438470938723046,1.0
-2.263227941822937,-7.33881701870069,2.0
-0.9793609833434385,-9.751975747380676,0.0
-0.5620190212855674,-9.238602672076134,0.0
6.612151098373971,-3.8361439184614823,1.0
2.2264359438310466,-7.505972007132891,2.0
1.5300573799151689,-3.3433097685426083,2.0
4.797717176936152,-3.659121030108055,1.0
-0.7122300487094546,-1.4963651421050068,3.0
1.3785259700645995,1.5504196930959937,3.0
-0.42472723822585,1.926996586982113,3.0
1.1941765751965652,0.2524272064425195,3.0
1.8960023279215505,-2.7665985554502184,2.0
-1.3856059583252758,4.3749037458754545,3.0
-5.092392887893796,-8.131763698676366,0.0
-2.736156082654696,-1.4008895210540966,2.0
-0.9335509244532907,-1.3473595915386687,3.0
-2.7978956649853943,-4.219194004137543,2.0
-0.01532109875507992,-3.994358690313788,2.0
5.132448793912914,-5.143573273233813,1.0
-3.700183488030798,-0.5477516872498178,3.0
-0.323857756149873,-8.490381750969327,0.0
-2.4291369993900114,-7.019625336211432,0.0
7.659236112293554,-3.596527331339624,1.0
1.684684537146929,-3.529204259003206,2.0
6.926515917466455,-5.02010385135672,1.0
-4.983384261283446,-10.049957417511463,0.0
6.582804298072919,-3.462922095767619,1.0
1.5094362925153488,3.0100010210881547,3.0
3.06096635006893,0.43497292156703704,3.0
-0.8698015206426501,-8.836000181468735,0.0
6.042239045629812,-4.237600094362936,1.0
-0.4470904786325789,-4.998145516838549,2.0
0.4319090169574349,-4.803406480944031,2.0
1.6196498478612638,-4.380833304935634,2.0
-2.0603027195197434,-8.867342029123451,0.0
-0.8931056427548199,-4.75482359018082,2.0
0.9108566132725311,3.6257997857447575,3.0
-2.100239705929927,-4.285961237409353,2.0
-2.30931482914651,-3.989067254973069,2.0
-3.3062554537694444,-5.656750902934169,0.0
1.8121729063749816,-9.013100356735087,0.0
4.779732920276748,-3.791128259549018,1.0
0.6906584943692018,-6.127240935131312,2.0
-1.3085967115770365,-12.375433601267074,0.0
1.47827936361319,2.2993747050682423,3.0
4.356847911776043,-2.793235072384665,1.0
2.527102804448372,1.922517596259959,3.0
-1.4216827986666756,-6.694398487661783,0.0
-3.251493520401407,-8.346975429067014,0.0
-3.7988579874193062,-8.184062134195536,0.0
-2.868669700099376,-9.552974980832134,0.0
4.513104145567354,-4.8157924634297355,1.0
2.8280333779115545,-7.9769076743304455,1.0
0.7421997164969353,1.8466099688668287,3.0
8.093986970046888,-2.241831860015941,1.0
0.9988100746560287,-5.9314889915150815,1.0
2.782327773343694,2.6656065018395103,3.0
5.395873396099185,-3.2259523193089947,1.0
4.718753868184805,-1.9357910271518444,1.0
-1.7094554992760778,-9.055433265197133,0.0
-1.4550322154926116,-6.678257023746774,0.0
3.9390982490297515,-1.831879528908733,1.0
3.832318467752254,5.370655385230041,3.0
-0.7560689996258403,-9.144765131575156,0.0
-0.6947200455363278,-8.71049470817454,0.0
1.4534073271941348,-4.580114742517135,2.0
-0.281070881037901,-11.29862418706574,0.0
5.626203059966708,-4.982952889325837,1.0
-2.310992071695708,2.2114097446292793,3.0
-3.096903904597042,-6.4553140479685736,0.0
-5.5050085770151655,-4.592842736664986,2.0
-0.5278688855575144,-5.855557927230208,2.0
-4.600796877227701,3.9078593645404998,3.0
-3.389201229132799,-9.597697599560794,0.0
7.971751777738595,-8.1851665294156,1.0
2.960154428186233,-2.541600251955544,1.0
-4.392280823860716,-9.462105758375342,0.0
-0.5650140970563376,-1.9282889142019721,2.0
-0.5763248643074039,0.8085328202768793,3.0
7.724354733518423,-6.457016468669022,1.0
-4.429674365213141,0.9393575962591716,3.0
-2.1519209791998537,-7.977257556908503,0.0
2.418424966818219,3.7403396135173814,3.0
-0.5577395053137209,-9.48124186991252,0.0
1.8516848777688466,1.395839892890347,3.0
6.9563304504259085,-5.332583850769101,1.0
-2.146829694270995,-4.981571305299298,0.0
-2.713485238640108,-6.082970551968385,2.0
1.9491465261988152,1.912836576574409,3.0
-0.5656172030661974,-6.1567630941945115,2.0
-3.0084546784322046,-8.009361557774321,0.0
6.591847046991608,-3.2261155970408284,1.0
-3.324708680668061,-4.296433600783526,2.0
-0.8841587901823209,-2.9234312734218,2.0
3.1537156181963697,3.2578602457605896,3.0
0.04011480202099271,-8.502404427167377,0.0
8.337166398506355,-3.9214202528984967,1.0
-0.3494139649011636,-10.352641154904093,0.0
2.8539917814394347,-4.361401095139094,2.0
-3.8802734868080626,-9.160065260329453,0.0
-1.0246445551000605,-4.067353796183198,2.0
-4.640354192317977,-11.173198907661707,0.0
-1.7378459640892534,-6.706565051122396,2.0
-1.8394798258223481,-5.284945907702768,2.0
-2.0146600082659516,-9.7786695833673,0.0
0.8362155546734433,-10.317211276496925,0.0
-0.36783306227737755,-1.9854558269581983,2.0
1.6009153718978333,2.898529740315028,3.0
-0.10220352613822525,-9.547723719386866,0.0
0.3670149298525981,3.0202986255940867,3.0
2.5706188845044164,2.2770772719796457,3.0
-2.085379732347506,-5.729699802588205,2.0
1.2927744338759473,-7.022803831902228,2.0
-3.6932988231828157,-8.265083758418992,0.0
2.5257461321398944,-1.0692206267542517,3.0
5.237827944766757,-3.061016615082674,1.0
1.5969309032360788,-7.6293897809511,2.0
-5.172206242327467,-7.747272794408773,2.0
0.6604572107206457,-3.1039511806669866,2.0
-3.627008641763606,-7.11564060813457,0.0
5.820586812870478,-3.3918257583109943,1.0
-0.5411921746354591,1.143924679860782,3.0
5.004019391973081,-4.887719468717547,1.0
2.994148641670719,-2.2001781567711185,1.0
-4.335268165783443,0.6302818835619493,3.0
-2.2030730335760254,2.1710341492977374,3.0
-0.4044612309394914,-2.5180835753762043,2.0
1.9334459925980991,-4.287518145798586,2.0
-0.04093268850311693,-4.447851584449701,2.0
-0.38970320043939766,-7.1668131026127,0.0
1.6757755314438505,-6.891563383701151,0.0
-0.9407812294094188,-3.7029169622528024,2.0
-2.4195642511265847,-5.589124970289177,2.0
2.663192255581988,0.41130356013400604,3.0
-3.228908325300475,-6.371312736429772,0.0
-3.4156704889085785,-6.354400024664809,0.0
-0.9317405727393684,-7.247029476533184,0.0
6.769580038806129,-4.010802465904294,1.0
-1.4625959429498803,0.47773472094865177,3.0
-4.060330538974201,-8.071773028623651,0.0
0.8658342639784795,-7.110203890443284,0.0
-0.27148689030598616,0.9684018971150539,3.0
-1.518623484204307,-8.671663730727982,0.0
3.326154784892682,1.1118216923895217,3.0
-0.8022460396212393,-5.069336467203374,2.0
0.7377705924679203,-9.24610033581693,0.0
1.8230184943880772,4.785062708840673,3.0
0.1292849801095345,0.756751447330104,3.0
-1.3081702041705146,-0.2405134320089264,2.0
3.902567991444755,-1.985098601741417,1.0
3.0229098433076347,3.895224580334786,3.0
0.20948123492812654,-9.3374155917224,0.0
0.9465840916163386,-10.638424589338053,0.0
-2.1241766618553193,-5.192971013342895,2.0
1.5293148655855204,-10.985906282535627,0.0
7.698278355139833,-3.3507541578042606,1.0
7.7103557488762835,-3.988568913524547,1.0
-2.4410093753184836,-6.966603969140008,2.0
0.23092464698734227,-8.710565437346132,0.0
3.0895389238608875,-6.428749145130314,1.0
-0.8444988790073091,-9.303389434651827,0.0
4.678013478975525,-3.263781902711094,1.0
0.5029513410037394,-7.028001856515402,2.0
6.833206784078179,-0.5086220761307305,1.0
5.525171004611308,-5.849492698757812,1.0
6.753586163111906,-4.591314925006935,1.0
2.0842041937995477,-3.6880098094977476,2.0
-1.656498803628335,1.19569900393552,3.0
1.0903460617369116,1.5547695052882125,3.0
0.5283713999792556,1.0174158873522858,3.0
0.6344662039625417,-11.459997089709638,0.0
0.969576168726054,-7.626462670961914,0.0
-0.8368529245811107,-4.139879127754728,2.0
-0.8648198601789754,0.32140786084280926,3.0
-1.7019693590244738,-1.6816504771768273,2.0
0.2585561293429084,-6.949878382383622,0.0
-3.808216407703923,-10.07806740003798,0.0
-0.08568203697364762,-0.8374924859963992,2.0
-0.6237391840090873,-1.7868028302756351,2.0
-1.1657832184198011,4.742062789049124,3.0
-0.6205266871657363,-4.479440836248257,2.0
-6.84060931080812,-6.918059601250759,0.0
-2.7146461984787122,-6.202931720149278,0.0
6.22278345606764,-4.622957103239302,1.0
1.040997860583527,-0.7256019686817137,2.0
6.396938537772466,-6.474303545735262,1.0
-2.5261409699337847,0.32076628733051704,3.0
-3.3622980598658776,-7.505656511733519,0.0
-5.131297472857502,-11.113702277429462,0.0
0.8495494056484394,-4.201215031223165,2.0
-0.722526737023478,-9.712307122155915,0.0
-1.0550414680265174,4.883918582159032,3.0
0.1802801155548046,-9.653928841507488,0.0
4.713167302020965,-2.8040379586079074,1.0
-0.317773359666625,-8.098876117777158,0.0
5.69506462946341,-6.107289748504942,1.0
-3.3679315816916358,1.6307322502881183,3.0
-0.0242407776487803,2.1286085440488263,3.0
-1.7957343621232609,-8.524636407508,0.0
0.5095926465040266,2.6390436971288866,3.0
0.08291798341295298,-10.210480226906569,0.0
-2.0095333666159605,4.841277478123857,3.0
2.426896903834403,1.7747282603991978,3.0
0.8396308784151931,-5.052249024743302,2.0
-1.4810400251296572,-6.003349701602592,0.0
-3.362995230899385,-10.282519941618657,0.0
1.8535713208098055,-3.3114290034835134,2.0
6.939126037536611,-5.325243634181684,1.0
-2.7687776939602315,-9.845158265983144,0.0
-1.2961866532439592,-2.665358431940147,2.0
2.7378849832429526,-4.002474303554555,1.0
-2.8431780983420785,-7.753713030631974,0.0
-0.6728994368473633,-5.665968569350176,2.0
-2.717155314643444,-3.885490836696461,2.0
-2.0444314914821735,-4.5905782678600735,2.0
-3.0411572004646557,-9.8117901128573,0.0
2.5094658087079122,4.299058293876785,3.0
1.4199577628950397,5.149348647856396,3.0
5.433256719239162,-0.6770880800513774,1.0
-0.022855561812215597,-6.623685857092067,2.0
-0.4164160275219322,-3.4921367047608993,2.0
2.572107021520375,5.112434217123695,3.0
-3.6944638594265893,-13.766785461546561,0.0
-1.490953581139206,-6.610393638312865,0.0
-0.425409269108479,-7.082452365452083,2.0
-6.806236529410174,-3.39244557945531,0.0
1.1422070225244099,-12.240988146961573,0.0
-1.7835055208011252,-7.781141208812525,0.0
-2.184133671142331,-9.88134080390446,0.0
-4.451494834055385,-9.226330547367038,0.0
5.530714505501284,-6.180976336165433,1.0
10.44103547400644,-4.9775823524034735,1.0
-2.148579619092383,-5.219543072022005,2.0
5.862314600604972,3.8638202043337673,3.0
-1.1475785306274573,2.855937005701168,3.0
8.583408583831929,-5.723191551257739,1.0
-1.8359624647236692,-12.549841078781204,0.0
-3.8357287180615223,-6.236891894416433,2.0
1.4390753106925325,-2.0495058453300192,2.0
-2.082864062500675,3.3806190896229684,3.0
-4.748466269842446,-7.640626824973613,0.0
-3.3145104156559793,-9.146018294928387,0.0
6.134252409557579,-6.23062184070758,1.0
2.4208043059185393,-10.344322135155675,2.0
3.583460453113293,-3.1739349473025373,1.0
-4.850395775149392,-9.77962517661612,0.0
0.6569742944680663,1.5223454798282703,3.0
-5.215456937313121,-7.625991738934606,0.0
1.691197433834822,1.3402928056027883,3.0
6.9243321202795505,-6.863229347633178,1.0
2.81120360353059,-5.730008395116266,1.0
0.5458199875285215,-11.733722080553061,0.0
5.285887327086607,-2.3207248932127005,1.0
-0.03373035901882615,-3.6062902881481014,2.0
6.492648517635619,-2.003537578148579,1.0
-0.3917675850916973,2.9612884489794844,3.0
-2.6238307382653954,-2.665910498100028,2.0
1.4481379218880654,-7.406598775822644,2.0
-4.880313415858206,-7.980673670550912,0.0
-0.9911696249967348,-4.687810272256637,2.0
-0.15486586124192236,-2.9163175074396084,2.0
5.014482625615463,-0.9797096164559158,2.0
5.589225529352437,-6.680956561006505,1.0
0.007944468671064908,-1.026549651605888,3.0
6.453019789178666,-3.53335752486879,1.0
-2.1053768414784533,-8.150207450659654,2.0
3.2931553403991902,-6.407944472421502,2.0
-1.9705696346505293,-1.1712915382252636,3.0
-0.8604099923789167,-6.607075876500575,0.0
9.829354999876966,-4.116872571410889,1.0
-2.212374424821982,-7.768679852188452,0.0
5.018572381160061,1.4553324507442538,3.0
-2.671318818754588,-3.5875827871097004,2.0
-2.541405044142113,0.5559948823322745,3.0
3.987338090202777,-4.65301041519515,1.0
-0.6765486500213873,-8.577392277076925,0.0
-0.8882252331094116,3.0582800670187513,3.0
1.328294890646141,-1.5100596049838835,3.0
7.942770296009868,-4.615201559174571,1.0
-4.908758635047467,-7.120346153152277,0.0
5.693444106513042,-0.7395236392834335,1.0
2.501279247854018,-3.807794388972254,1.0
-0.3015907747724855,0.5663418726599294,3.0
0.06204908311916496,-0.16472690464495,3.0
2.7809923470034126,1.3505182403302929,3.0
-1.4203851441533701,-7.979344767700594,0.0
-0.7031893816849843,-9.647161574097973,0.0
-1.396991715597875,-8.258040091335376,0.0
3.2214705249014326,-1.9754545557604652,2.0
7.138976804251525,-4.54282933870034,1.0
-1.7360350161682003,3.075218508536964,3.0
4.492694096654934,-6.273349672029099,1.0
-2.2491991056864884,-4.218186653733339,2.0
3.2046798272836683,1.5895637843983152,3.0
3.6027179952382666,-5.838010115248876,1.0
2.753500197502571,-3.7689056568513717,1.0
-3.221022932586708,-7.28522221117295,0.0
2.3261300970436003,-2.920774486621906,2.0
-3.9512155343060917,-8.730032996628246,0.0
-0.23262077499262468,-1.4616123247336974,2.0
-3.523986813635581,-10.216488433302207,0.0
-2.198267563343263,0.22172466508515454,3.0
1.2626830488871001,-9.521268978957261,0.0
-1.4412457772837053,-5.983591622628328,2.0
4.073602692159483,-1.0555695763587623,1.0
2.533642070964083,-0.424241937781316,3.0
6.313727781469977,-2.6902080657588634,1.0
0.6267801193147888,2.3485525650064307,3.0
0.4238875169923342,-4.178388307344296,2.0
-0.28561438413136364,-3.3144846709547147,2.0
0.946189246781592,5.172193867401221,3.0
-0.9367952423910402,3.903277472659573,3.0
5.959933362063655,0.3970375682145777,1.0
-5.666545515224901,-3.375077764042706,2.0
-3.6560320646584508,-5.224380250490185,0.0
1.6798722930529983,3.1749003896422345,3.0
0.2683890342415876,4.857825123156406,3.0
4.5990489949212865,3.5416398615994353,3.0
-1.3299667228295442,-3.716022105971078,2.0
6.110217068956964,5.3893860390975785,3.0
1.0414714490904915,-9.32727353472882,0.0
-0.9600834818646733,-2.960070937036062,2.0
-0.7236428393417953,2.538556823441211,3.0
1.2189590982525425,-4.008885580900095,0.0
-1.7180431252471737,2.186058942031035,3.0
-0.9972886172916773,-7.443653846879128,0.0
-1.4480495211541902,-2.230078987348217,2.0
0.800127115931387,-4.5058677050490505,2.0
6.504817104742662,-4.124781455755641,1.0
1.6565852653946356,5.300121172279603,3.0
4.230714002834696,-4.114540290047859,1.0
6.194769232465406,-3.075763252279371,1.0
7.910067331774249,-6.093075837454974,1.0
6.420678610261144,-2.6181632958717316,1.0
-2.6807977318106646,-5.231630875661278,2.0
0.32574088179851657,-8.603534009290808,0.0
5.372660892650693,-5.415044710669118,1.0
0.6280460014279923,-7.2670916736834,0.0
-0.012415985421789344,3.5428985843767085,3.0
-0.14416950750283297,-0.18241071311887058,3.0
7.011999065551915,-2.2237474800979466,1.0
-0.35206581444399365,-5.352288486925387,2.0
-0.6795664916665314,5.644870830581498,3.0
6.575785125622251,-1.8787679993910489,1.0
4.193344727954707,-3.248795825949332,1.0
3.2044705354595493,-4.03087323080117,2.0
-2.078051026907436,1.4548182562755332,3.0
-2.1940471248207882,-6.249413075623717,0.0
-0.2269103555108991,4.819691191913542,3.0
-0.6503650639637513,-3.2673916457505623,2.0
-1.936154354793314,-7.755907824984271,2.0
-0.8797626800670739,-4.708225963229151,2.0
0.29222225259131607,3.3410774569740678,3.0
3.5087041929866576,-5.378198354382802,1.0
-3.2872123555363064,-14.470440834329924,0.0
3.3996557827018568,-0.6862794333709088,1.0
-4.34902888984566,-4.827116625448851,2.0
-3.380008298185407,-7.0180067165758615,0.0
-0.04127760133384073,-0.3363393008239317,3.0
0.4662657215284387,-8.442434842555246,0.0
2.060676780738903,2.740628189202495,3.0
1.4860113823892438,4.089935949912226,3.0
-1.5759793749753666,1.52054374327304,3.0
0.9561181339102045,-1.1393991548530988,2.0
-2.0199185271738562,-1.9595442054701848,2.0
4.078884858640812,-0.2783876183626064,1.0
1.9628161179467334,-11.015404066603383,0.0
-0.05976332457358757,-0.3796225319629234,3.0
7.9206022383623305,-0.7511389042709018,1.0
-4.3520165661066486,-0.5284593576617604,2.0
-3.6954319241224995,5.921083312346205,3.0
-0.6720991528992135,-9.060348859504657,0.0
6.309024919535048,-8.405535510547626,1.0
-2.97117401568351,-7.300161209690103,0.0
-4.520328446097075,-8.47433485641585,0.0
4.0188783876290115,4.751176186747861,3.0
-0.15844825801994877,-5.531426864583954,2.0
0.9628531923859822,-9.207668815229669,0.0
-2.452988451189081,-2.533373850810831,2.0
5.135096265436907,-4.09097583920193,1.0
-0.018758661037688196,-6.067054786661866,2.0
-3.4083050843296294,3.307725449598056,3.0
-3.018790312463592,-7.356922796709583,2.0
1.516626832194678,-2.732027034775857,1.0
7.4221504949089105,-1.1569947325097472,1.0
-2.537300993842736,2.8405423090759045,3.0
-0.6100277217008707,-2.2810239717950846,2.0
-1.5000470436270528,-4.314009728222611,2.0
-1.1278933581358965,-8.364783167220008,0.0
4.890078487102801,-5.498218333646729,1.0
-3.8996070208794373,2.8598806889917125,3.0
8.07009393532,-1.8662560935476007,1.0
-4.604739253109772,-6.1498616244097,0.0
-0.21814748642431736,-9.354760810775678,0.0
-0.08196619643761738,-1.6119657202741733,2.0
2.3089450512943634,2.1777481259729092,3.0
-0.21454261823102505,3.4408362028753956,3.0
-0.19387529593692254,1.5144370884240277,3.0
7.398873611037962,-1.8885612681820931,1.0
1.887399289156365,5.861221685434673,3.0
4.119463721360301,1.131574466429029,3.0
-2.7933256128417208,-3.4225088716393883,2.0
-0.9190674247548588,-5.45176350388425,2.0
3.794288806557535,7.481815206123323,3.0
0.746292850886912,0.8639622761976873,3.0
-1.1383305976971492,-4.590349264653816,2.0
-6.321634285849295,-5.3296082484375376,2.0
-1.9914371005792249,3.1349745587030613,3.0
8.325360297509334,-4.798779973834553,1.0
-2.7007441139994097,-11.586472869104892,0.0
7.29041290305831,-3.4946009278839583,1.0
-0.4896955974432067,4.177048571190161,3.0
1.5595279631395718,-1.8438421838533077,2.0
-3.6086897627909442,2.0640349540667207,3.0
-3.040333668161924,-5.232454948681626,2.0
0.8976787711499108,-3.8406007436225558,2.0
4.564078324204896,-4.985892914706597,1.0
-5.257902689485718,-9.33341669314063,0.0
2.920128209630861,4.537087142235223,3.0
5.444628975155137,-8.657392286976899,1.0
5.959179421312401,-4.628899632186904,1.0
0.08236138931424275,-2.06610764285183,1.0
5.7376003112878164,-3.3415898086384637,1.0
0.7117686118534157,-4.505666040139886,2.0
-1.4038844023218082,-2.1577311994431185,2.0
-0.9713306713610872,-0.6408971443141049,3.0
6.300383008972465,-5.053633335356762,1.0
5.779085782726834,-3.0125247036807146,1.0
2.369935213975517,4.413456990928859,3.0
-1.0934614209380065,-1.5419819949844258,2.0
-0.08314366105685089,-5.061339252644242,2.0
1.1693976899639926,-3.8966097652398415,1.0
-1.3263228092570847,3.3964647526826144,3.0
5.20904460669485,-4.834871544902654,1.0
-3.2949823658877713,0.6998577520547591,3.0
-1.4303068406619217,-8.96895328182433,0.0
0.6966330691765701,0.04637660792486509,2.0
-0.7662494552488021,-6.536532146537844,2.0
1.139060316509877,2.729666553332856,3.0
-0.893316884551586,3.446389673273013,3.0
-1.4727334783032646,-2.6728770264708572,2.0
0.8851442697094183,0.07344241413118668,2.0
-0.4766996735891199,-4.436998890215136,2.0
0.1744457547697158,2.040378597767691,3.0
5.548220474938601,-8.861367190356138,1.0
8.139824704437071,-4.901015404587206,1.0
6.744507739278892,-5.079688861601412,1.0
-0.18938459524533002,0.21375299583030705,3.0
-2.815461015029638,-1.4408404821212253,2.0
-0.700065809639685,-11.329854726812698,0.0
-0.15509908977331666,5.422544272159779,3.0
-2.201673753724329,-7.500123974485595,0.0
-1.3350398732597064,-2.974180716182456,2.0
4.077072863432859,-6.092814911140833,1.0
-2.7062135164617667,-7.743037495738233,0.0
4.539683368411584,-3.309408096140858,1.0
0.9205732098023227,-3.386315784989531,2.0
5.034707789306573,-7.836191731803559,1.0
9.766326833614077,-6.461780364154366,1.0
2.5057894093122846,0.4063147902454314,3.0
-6.866280317927594,-9.1318849267208,0.0
6.031549342569861,-3.0145705511125787,1.0
0.8210687343032266,-7.499898862261657,0.0
9.893822512148123,-2.971869155612837,1.0
6.3023669415595505,-6.1679379456238355,1.0
5.9801347941579825,-2.848131970479214,1.0
-1.6313341013395624,-6.137680880812539,2.0
1.3934693046133069,4.1754003318787225,3.0
-1.7381132377027069,-8.376772365078857,0.0
-0.875236995066875,4.7870337505284155,3.0
7.781824140545773,-1.6992246463343825,1.0
2.4071075761584666,-5.640036300146375,1.0
2.9991559069007727,1.9497269247655697,3.0
-2.742637906955578,1.216091499723852,3.0
-4.0226698794972515,-3.9015612363415793,2.0
8.219955464160082,-4.44963700074353,1.0
1.3388082348432233,-4.9182638451529135,2.0
2.886178111041279,2.029140559271781,3.0
-1.3936798050553219,3.725277787174263,3.0
2.026285305099175,1.9583848676760527,3.0
-1.0261864201057405,-3.2307126300490485,2.0
0.9183523554216606,6.592748079010203,3.0
-0.8052689157026496,-4.2570917052706925,2.0
3.6478421775824863,-1.555400905906004,2.0
7.091052174256637,-3.450035629763738,1.0
-4.0703893877180555,-8.934084760973331,0.0
7.356269104163955,-8.916257590556096,1.0
0.38226350639387996,-2.121748112677826,2.0
9.118079028666807,-4.002537884263457,1.0
7.965035711840595,-3.655284711792566,1.0
4.763792638813249,-5.782140919536445,1.0
-1.3131731882936641,-8.87773084017119,0.0
-1.4434051111062616,2.284777550925038,3.0
-0.903447367574158,-8.083186065111471,0.0
-0.5810869971596251,-7.4574475222467775,0.0
-1.142439970565789,-6.741297285218129,0.0
3.08602495651553,-11.03002686005656,0.0
3.8687558560127755,-0.625452654077804,1.0
-5.147381906655754,-6.042363766439561,2.0
-0.6225821248335515,-5.767966734391258,2.0
-0.7743420235151794,-4.378257267013112,0.0
-3.380992310307219,-9.35103850544052,0.0
4.0650125829907715,2.9137798631247454,3.0
-0.6624142729118812,3.5833007906230474,3.0
-1.343316403280684,-9.76952872383377,0.0
6.9236745148284475,-3.8328043603029647,1.0
1.9352604094479713,-1.7335645617930364,3.0
-0.09696303359262215,-8.685679282083504,0.0
2.1021775044278286,1.826967106174866,3.0
-3.9095358276921615,-2.2437179343058276,2.0
0.057800255138409806,-4.903967707134854,2.0
-3.7509018165951886,-9.012915592789403,0.0
1.430950932447509,0.41496124479851737,3.0
4.703522132874281,-3.0977860218921327,1.0
-2.9525924790480866,-9.317780781695749,0.0
0.6145799678843622,2.5172556393050893,3.0
-3.24384038204194,-4.928994726385637,0.0
7.1049063654242435,-3.9395211144131395,1.0
-0.6070524162071493,1.534014249720932,3.0
0.16928504952393508,-11.800253677212568,0.0
-1.0120894733105887,-3.9676447373447026,2.0
7.523868855204405,-2.5427814448662223,1.0
-3.047341158439588,-8.493872216519723,0.0
4.104919995191135,-1.4454108467997284,1.0
0.8300224651017507,-1.6099439878451869,2.0
4.580881663298179,-5.6768118408067885,1.0
3.4420704409499385,-2.97919337679011,1.0
1.7072073952815776,-5.9643515346334155,1.0
5.188163519589944,1.8210599570697612,3.0
2.144807521081338,-4.000257629105427,2.0
5.225813786538852,-4.172934159843573,1.0
-1.9863998378452283,0.9331520654107239,3.0
0.2534745530224162,1.3527728306228155,3.0
-0.005707131939607812,-9.98041976696072,0.0
-0.4427547143366586,-7.6959581722339205,0.0
-2.6554955528896533,-5.584476412324518,0.0
1.671130613514828,-5.174531281270355,2.0
8.482038830315581,-7.185853527365988,1.0
1.8584141054517396,-5.643769235444934,2.0
6.851906399183383,-3.48617044974573,1.0
0.6895633599764995,0.43976630673817185,3.0
-1.598764512938945,-12.220940592209306,0.0
0.09396456950066012,-7.524253224590263,0.0
1.1071188837019028,4.654195972049454,3.0
-0.23121171683663722,-10.012367999516226,0.0
-4.209465815854616,-2.462252019140153,2.0
-3.370853354160924,-12.867852626721943,0.0
-0.667816769483594,-4.592632448248455,2.0
0.5592494630217477,-3.603313299288856,2.0
0.8927957363013546,-12.298142031700241,0.0
3.74649623919668,-4.020693881111513,2.0
-1.9671695319281153,-6.941284283193734,0.0
3.511820580287637,-4.392447855504699,1.0
-2.892947488129659,-3.438876171292689,2.0
5.71358601612231,-4.046762903715449,1.0
-0.2544314328253653,-6.593059608485239,2.0
-2.453518524243794,-5.409177006658641,0.0
2.3289705665037435,2.181289484006758,3.0
-3.138092413914195,-10.486086486211445,0.0
0.23416733452524596,-5.883462556283233,0.0
1.523670115536178,4.252161719087947,3.0
-4.705771957348064,1.3534215406343693,3.0
-0.027182739878787276,0.5547949969019141,3.0
-0.47221292843433527,-4.047149984165171,2.0
-1.0743530102087768,-3.227477619427546,2.0
-0.8444963060416146,2.203602995805081,3.0
4.209146827001964,-5.5444003271640385,1.0
3.3905703597627523,4.055432960398294,3.0
3.110294147738934,-0.5949057440966175,1.0
-3.0685989677061216,-3.3136014936351086,2.0
-5.606286916919569,-5.7135309163293755,2.0
-3.8827619297113145,-3.876833704472157,2.0
7.6385000691457,-5.084312777492475,1.0
-2.883662267584398,-8.92778404983376,0.0
5.711707217922274,-1.5314910778559265,1.0
-1.849427501265896,-10.93045341596337,0.0
-1.223727633889165,-7.865846927961261,0.0
-2.7238860349097873,-11.431945059915286,0.0
5.675045582037117,-4.130054310601455,1.0
-0.866294691627723,-10.099438003299873,0.0
0.1203033756017835,-0.362558395328763,2.0
1.6768327908180831,1.5383647466067325,3.0
-2.419608920807306,-0.09157209459386273,2.0
0.04790592102117075,-9.960112676885878,0.0
-0.5702574789692694,-4.643052880536856,2.0
3.949912296066435,-3.744667420684422,1.0
0.0013826322057847173,1.8887779997484486,3.0
5.434949523956998,-0.9788631295315184,1.0
4.102760121890816,-8.752291402289275,0.0
-1.0917872899431762,4.595954016720041,3.0
-2.7251734367511515,0.20715688227921625,2.0
4.2697497479281985,-2.8695726658776373,1.0
-1.7699059532565529,-4.65490711254017,2.0
-2.4400273191646655,1.6210263353936054,3.0
-6.139261738824447,-9.448184384566499,0.0
5.518846861763593,-5.658094727171164,1.0
-0.42572545707294984,-6.781610311314499,0.0
7.482276207573271,-1.9077970241431021,1.0
0.16650011037241158,1.7001458143605825,3.0
0.40359308902463,-2.7739713950615656,2.0
-0.931822641017017,5.683504552415444,3.0
-4.937237393156496,-9.376382437522157,0.0
6.280671941956921,-5.972435492546408,1.0
7.452462871629429,-5.092894847426302,1.0
-0.2989031339621986,-9.72364197054774,0.0
-0.3571378376373242,-7.045264743480075,0.0
3.0103466517192823,-11.431890987139079,0.0
0.9072178309433578,1.901901644437467,3.0
-3.414734677868287,-10.986035566707898,0.0
-5.775819580615554,-5.180380607015867,2.0
-0.40253372521272024,2.8263645615562054,3.0
8.131660678909785,-1.1565771686946285,1.0
-2.2999627408396623,2.242959101068335,3.0
0.7811395565148924,-9.442860298784925,1.0
-0.883269924859746,-7.2221930401966885,0.0
-3.1603658269510695,1.5360844026101979,3.0
5.820349199258292,1.748616278727666,1.0
2.713988248550375,-5.151952432786521,2.0
2.9273323296973937,-5.120312619425157,1.0
-2.957999921165462,-8.262087772047552,0.0
4.852520029466847,-2.2149336569170845,1.0
6.1824683313323625,-4.802621291385975,1.0
-2.2054351484044,-6.806814746177979,0.0
7.130095339973842,-1.269815755362047,1.0
-1.0680117515426635,-1.867639006950486,2.0
-0.8115218894536818,5.004730626293787,3.0
0.5598880274557397,0.8675846097627371,3.0
7.050197884357969,-4.895541627392545,1.0
-2.1182463080394385,-2.51776437130471,2.0
0.6100074088242513,0.2735282072381344,3.0
2.343939077183049,0.26318448955159823,1.0
-2.9285688667309224,-9.317711334812756,0.0
-2.4806769663352934,-10.74972837028287,0.0
7.827006732281889,-4.245301988958915,1.0
5.483059938259347,-3.2238770690766083,1.0
-0.13310625967320888,1.7258117358166087,3.0
-0.16451027882393066,3.4102703291833114,3.0
-3.1899609234947652,-3.787005559161516,2.0
-5.110365414001711,-10.643747904752276,0.0
0.8405147254390035,2.711184811350967,3.0
-1.6966621504658772,-9.903918864701968,0.0
7.922774509517936,-0.8798393272566254,1.0
0.847646929654837,-4.685428639034489,2.0
8.242564795293482,-2.867746039397142,1.0
0.3439939286433502,-6.5910530432669345,2.0
2.3007533195274745,-1.989826389630411,2.0
2.8406115519714707,-1.4564820390376823,1.0
-5.297222720386899,-9.49972742456296,0.0
5.8504249837172875,-5.318961202808223,1.0
7.5592259397615695,-3.268139960494546,1.0
8.11899919242979,-5.511528156454336,1.0
1.1955025520684128,4.040555798219722,3.0
3.9467367234198445,-4.384027721421774,1.0
1.0738556026107826,-3.85667928508989,1.0
-0.2128194409191524,5.996935048064737,3.0
-1.270250435447968,1.9788409305298797,3.0
-0.39039163920016773,1.427411301830269,3.0
6.752779881091602,-5.188103451167209,1.0
1.3143510424863174,2.6378563781495465,3.0
1.9505099589375399,-9.088433694654247,0.0
-0.8849268153472405,-2.3551591921150337,2.0
-2.1821055126195428,-1.9631650117363373,2.0
7.255547760969771,-5.317318691579898,1.0
1.3115671663722575,0.7885097096376898,3.0
8.938702092008716,-3.2097627185947815,1.0
-0.7023422333853957,-8.716399091568556,0.0
-3.524644398084445,-7.246168449343206,0.0
-0.7611061131222902,-4.085907830747873,2.0
0.44711260113131024,-5.57700507974258,2.0
-5.22829422459431,-11.59306294576519,0.0
5.689392315025711,-5.971649961125584,1.0
-2.464177021290274,-4.595093468226142,2.0
4.642794339040364,-3.0337973072267346,1.0
-0.7994285886200796,4.676475665075727,3.0
-0.16672540390893253,3.8946111905538423,3.0
5.783525060697284,-3.410530353637106,1.0
6.268280747397197,-3.2148268521635632,1.0
0.7142100947653707,1.3529408578008593,3.0
-0.9566447246077115,-7.118083390537819,0.0
3.0752844108690756,-7.98415123158592,1.0
-0.06052489629451174,0.4654589879286495,3.0
2.46644482302178,1.1121555374019465,3.0
-2.605776709048606,-8.67842552238773,0.0
1.6397298706479364,-10.198095046121898,0.0
1.1217125687449667,5.740826478184896,3.0
-5.917100641114176,-12.021798859817684,0.0
0.4891229438924118,4.521166172048248,3.0
4.813874599530754,-2.8552676816370357,1.0
6.535492855846085,-2.149909755448434,1.0
0.27925432210295253,3.316343620281037,3.0
-6.086150437032982,-5.076361406492763,0.0
4.422377697257312,-5.810207120143339,1.0
-2.334312602615762,-0.25142691605718737,3.0
-1.0838393214012747,-7.427663058543424,0.0
-3.9305400554422247,-11.84616806368025,0.0
-2.883821391846811,-11.362085660400858,0.0
-3.4521974258604673,-0.30082572511197325,3.0
2.5510612002238036,-7.083472927267051,0.0
-1.9801698453006886,-5.774405164691784,0.0
1.0857948089421936,1.9362713610939233,3.0
1.421714857101935,-1.7263749374923125,2.0
5.009340185327519,-0.6070137333518386,1.0
2.673262848407002,1.809700501892487,3.0
-2.9660664514993185,-2.507760878346228,2.0
-1.4175462008272937,-8.461274960593517,0.0
6.329493499425142,-3.8062295348926662,1.0
2.0557830072548264,-8.15648376626016,0.0
1.9091153209758112,1.1494179176022747,3.0
-3.4607650804171213,-9.304125687744524,0.0
0.6074163239890591,2.3222244203383053,3.0
-1.8001719358965032,-1.056388488284083,2.0
-2.029376288329634,-3.5944617856922276,2.0
1.4971692395855702,3.424985238671091,3.0
-2.1713333187755883,-1.7899824216153206,2.0
-3.277203498078992,-4.769127809480864,2.0
0.8671829278783911,-5.437045993269434,2.0
1.1458449976421952,4.9627506094506675,3.0
-2.784011707278842,-2.307437154139632,2.0
-2.835421868971367,-8.489368912607368,0.0
4.1682366061155145,-4.582217948608751,1.0
9.228997467930647,-4.30551720984547,1.0
-1.283152587894838,-3.9702558272298125,2.0
8.73783948905158,-2.4553839133438506,1.0
3.747397952584142,4.675226228527187,3.0
3.908032878232106,-2.2205386775395346,1.0
2.1739585640972994,2.7193443730121243,3.0
-0.9095711585962332,1.4473519080927397,3.0
0.10723017688655928,1.353009014798362,3.0
-0.1405345189183086,2.6425071372006217,3.0
2.7689830359603915,-6.841021085297179,1.0
2.5426355547814374,-6.742206391209323,2.0
0.6059346445116045,-5.44929353916975,0.0
-3.7092990196107714,-11.830922182525251,0.0
-0.41400106394302205,-5.331432261633568,0.0
-2.313428473720703,-9.146415910791704,0.0
5.118356324584482,-4.239530702551541,1.0
3.8486817623765384,3.190115602923821,3.0
4.557876742846499,-2.3982670157878667,1.0
-1.1817370142177814,-9.192059127201407,0.0
0.040952753723594304,2.934077749036854,3.0
-4.434254740086025,-5.808324443984025,2.0
-3.1241611580650734,-9.386116006503986,0.0
-3.040714501524858,-3.678270447066835,2.0
-3.3430002191061687,-8.244153728430662,0.0
-0.327731062356445,1.2459754697628875,3.0
0.7815816082118503,-3.823056749405355,2.0
3.373651185658511,-3.3889930606236898,1.0
8.836165970083547,-7.050838343566382,1.0
0.5550084798422382,2.798159718292195,3.0
-3.313239106061099,-8.151221346936119,0.0
2.82490555290917,-1.322997933537435,3.0
-2.629374156046007,-11.14497885300181,0.0
6.720990021891126,-6.066206329236431,1.0
1.0448443261360154,-3.723532158223127,1.0
0.16809251981601303,-8.608344765420188,0.0
-0.9625341598478452,-3.52183507538983,2.0
-3.8097278753528068,-3.3853569242244497,2.0
-1.8070708584733264,-10.945886122226241,0.0
-3.5911926972708543,-2.5710113739719933,2.0
6.2457712319421645,-2.815576441688169,1.0
-4.237110982006889,-7.010007065225924,0.0
9.745717621255807,-8.055878865327356,1.0
-4.464706160234271,0.47044514220390443,3.0
-3.7744157850441455,-6.263369920187668,0.0
2.3050441890640516,-1.5107437277464846,3.0
0.8555814890045647,0.6352333253641151,3.0
1.1539380189246202,-2.2709520930124936,2.0
6.409280450520034,-5.254975749395838,1.0
7.773833792246496,-6.521343799690541,1.0
-1.7569531115197092,-1.14388182796956,2.0
-1.7082295609059988,-4.112696947497972,2.0
-0.5533325780363134,-1.5230639214200248,2.0
0.14286216862692735,-5.399970369782158,2.0
5.157771890321058,-5.625794320364186,1.0
-2.1155420932990814,-9.788542679674707,0.0
0.07776060630438425,3.7391606375192303,3.0
1.2037575900958455,1.319022659676765,3.0
-0.29354747015088056,3.3248183323910205,3.0
-8.071963407394978,-6.611905036950205,2.0
-2.8032756557106726,-5.0233768393596225,2.0
-0.3394459096314696,-6.188549327989195,2.0
2.79029170764921,4.981368211842678,3.0
0.5794499312509354,-4.240150473606637,2.0
1.0293129256582567,-6.771140798814484,0.0
0.7672119132852298,-5.592554937963595,2.0
7.672434860176956,-4.116003303854433,1.0
-1.6696638970461102,-11.934321136393763,0.0
6.254570375280959,-3.0227372700082205,1.0
0.0629062722996343,-4.614783301079304,0.0
6.498532638312342,-2.079396985460174,1.0
1.7704207183465916,-9.522378333442248,0.0
5.999929349954012,-4.549163957105743,1.0
0.050621442679400275,-5.83700819159621,0.0
-3.038764975219848,5.46613162458824,3.0
-4.115721153202376,-9.261872249801591,0.0
0.9898088831413581,3.9871495268601196,3.0
-3.268439361759971,-3.516962657973955,2.0
-1.121537911679221,-6.021402488360343,0.0
2.850646720095578,5.587073977466389,3.0
-0.4387801529183232,4.258902876236798,3.0
0.48204976312654946,-6.69761524755935,0.0
-2.390884862278611,-3.2310058701597457,2.0
7.595661851345114,-4.940036675844234,1.0
7.1620011510568435,-5.210701430988076,1.0
4.298868416179273,-5.11622309699328,1.0
4.500875973545034,-0.4591671221161482,1.0
7.0561695966985765,-5.2659434176360485,1.0
-4.29399193929228,-5.431691768858837,0.0
1.0029462077518638,2.443237299247534,3.0
6.033593751382809,-2.029333816451554,1.0
-1.0351262455323857,-6.772527051361049,0.0
-0.818856448626327,3.422560096932685,3.0
0.6511451599648634,1.0192061261673817,3.0
-5.022440450976231,-10.748700199018435,0.0
6.187792576043299,-3.7382322181237804,1.0
1.1472898143951884,-6.606645679294072,0.0
1.1540943385843407,-2.6300137926975546,2.0
-0.17356189715893278,-9.28913697577384,0.0
1.3617619536852743,-0.7997543171603123,3.0
-7.670733192677268,-9.683052423741577,0.0
0.755592406920319,-1.1334809216156199,2.0
0.5619529226105293,-2.6831493162953692,2.0
1.0451136133267735,-2.0129466188662555,2.0
-3.4666040218742475,-2.9926720228506842,2.0
1.2847251383331781,-6.849016845886534,0.0
-0.3552316340014017,5.9635618178008505,3.0
-1.1137630886844827,5.205174257413147,3.0
6.122179466658324,-6.165090463411024,1.0
6.66034991829045,-5.72470995301804,1.0
-3.0933222713991393,-4.520852707309159,2.0
7.232084840671488,-5.778447266721445,1.0
-2.995468669387819,1.6374608693045056,3.0
4.198230371539941,3.4943337744785916,3.0
0.47018782073200643,3.2537757119099115,3.0
-0.29854446959936454,-6.494893254090828,2.0
4.702371846797595,-3.603166765110257,1.0
-5.019135522139134,-4.944677573048992,2.0
7.551632482892039,-4.4470987561759125,1.0
-3.1574822489087064,-8.637097442561824,0.0
3.3800592557673466,-4.37437074869914,1.0
-0.8707353320359899,-8.78351280804871,0.0
-1.8734467794818421,-4.2212175302076425,2.0
1.1678177969448105,-8.079315665953265,2.0
6.589828718727898,-3.3763255134274095,1.0
-3.1117940879517016,-9.127450490713263,0.0
-4.099484881506214,-10.580099641503276,0.0
-0.6794626381238349,-6.9534359647660455,0.0
-2.8317172788658906,-1.216725125687264,2.0
4.234968672156512,-5.9322548608021695,1.0
-1.2908993769658454,3.3127124805043886,3.0
-1.380914256810989,-6.747799106861862,2.0
-1.5259684496296684,-10.548193968747107,0.0
-0.65276030419211,-12.549384309448296,0.0
0.2523827064040033,1.423896390644473,3.0
-1.8963789252390142,3.6518148876503753,3.0
-0.8117615094799311,-12.464114954862147,0.0
6.035234977165531,-6.335267699850866,1.0
6.706644717406412,-2.7347864825568338,1.0
-0.6695941087273873,2.2852204226135413,3.0
1.1385867693654697,4.082570642374507,3.0
-1.0305424016699882,3.33391433200651,3.0
7.513911748005189,-4.879981663255881,1.0
1.3818371357850179,-0.5329262887903257,2.0
-3.587498925099137,0.5413149100808052,3.0
1.3104762399903827,-1.5124182336832495,2.0
8.59981369925941,-6.7647862783262305,1.0
0.024022396995503126,-7.832573129808462,2.0
5.722666553135265,-3.854570906156382,1.0
-2.29479670509467,-7.942974244732087,2.0
1.1772354062692205,0.6498007806401753,3.0
4.3573044503036655,-5.364402335955699,1.0
-3.435613524172906,-1.0542277453437556,2.0
2.2252216690426216,2.6230944119871777,3.0
-0.39422510334853145,1.9865052112876793,3.0
-4.711487570964883,-12.021392207182856,0.0
7.369167001549797,-4.617354845010573,1.0
3.627994175380475,-6.653478120484783,1.0
0.8543962982000892,-5.422677409452956,2.0
8.274129613818282,-4.419281769090002,1.0
-4.382080073272235,-10.171955665907186,0.0
4.127756286816367,-4.356477710734841,1.0
1.2319670344787803,3.5275314665041155,3.0
-0.974247218497982,-10.398496806119352,0.0
-3.5007434628578937,-3.9328366754322523,2.0
-0.3115210454080385,-3.7842497890940936,2.0
6.012541633330356,-2.9938360159036073,1.0
-2.559424219063322,-3.5402621753889347,2.0
-1.886364462433751,-5.469135672954868,0.0
0.35329488985873775,-1.3864921209714538,3.0
-3.9498932794901935,-5.969662290300496,2.0
5.377851549957737,-2.016217136142669,1.0
1.8902544929390048,-5.353979279421509,0.0
-0.14196210032170775,3.3602819976626006,3.0
-0.3983032389337645,2.506713325330192,3.0
6.740745755379273,-4.4462610556851825,1.0
8.093853516715686,-1.865522372749155,1.0
4.901208843798652,-5.099426828305308,1.0
2.5197204414288557,-2.2516263777509335,3.0
-7.312860219240494,-0.5967404001469787,3.0
-3.225393603377689,-11.07767007938659,0.0
6.077680011903783,-5.091377212518973,1.0
0.8153691169586448,-7.562489037046408,2.0
7.284612358394486,-5.983016139567258,1.0
-1.1231271770584554,-7.724819793982806,0.0
-1.2389560709050895,0.5236905862614925,3.0
0.7130705053001354,-3.4557823815467787,2.0
-2.1978276679843667,-9.266434247083637,0.0
-0.49804685286806555,-6.4296089771027995,2.0
2.660332404562028,-9.075207459877879,0.0
-2.9461092346897573,-12.958498316279897,0.0
-1.6864926117167647,2.4823247540665876,3.0
0.01889400461926649,-2.7098999182090813,2.0
1.824161569505514,3.8395179407046287,3.0
2.429438543933271,2.2398830802521705,3.0
2.254498315011333,-0.6756256862201888,1.0
0.4113454017782452,4.582980267181587,3.0
4.738021726743064,-3.9250277203713044,1.0
8.740590677319585,-5.716266122923104,1.0
-0.16136284625002995,4.324771890469784,3.0
-1.0830002839632855,-9.688728216563808,0.0
-3.011498850044233,-10.426284479554862,0.0
-0.711075823556645,-0.14219493979679676,3.0
0.4972036307757228,5.965741613525661,3.0
-5.234356468597245,-8.191957246525481,0.0
-0.8077594617137733,-6.482840866776495,2.0
1.5626976154714778,4.889037074544756,3.0
6.236652378167858,-5.561350106820632,1.0
-2.5836998063730103,-4.636337882329883,2.0
-4.573161421176149,-4.736723787677199,2.0
6.728844714191336,-2.2329918927809445,1.0
4.789428181029919,-3.872612493381703,1.0
-0.6546347987736532,-7.404091445567799,2.0
-1.0774355748965057,-8.77916881506313,0.0
3.9106804922716147,-1.838982086522321,1.0
4.186409952807778,-3.1023781668339785,1.0
5.49344449929613,-6.4968377258667775,2.0
8.632017720347545,-4.801373712256798,1.0
0.6075584478232146,-2.872189823250829,2.0
9.085612671639215,-7.467548803560665,1.0
-2.335275766225884,-9.953499103200171,0.0
-2.7802902796891726,-4.81949524090432,2.0
1.5581876829718486,-1.8726291703237714,2.0
6.311690651583841,-3.397141862143773,1.0
-4.192398913133664,-11.312319045558649,0.0
8.065995043023479,-4.937756170573113,1.0
-0.6534161997244297,-3.851605992676837,2.0
-3.282478182301196,-4.877476730502785,2.0
-0.5751124410269508,-0.6254679752461287,3.0
-1.1491085152566451,-9.102170641254892,0.0
0.5299576871776384,0.8660751015152495,3.0
5.114422368475902,0.21952750804402843,1.0
-2.2690146573569083,-11.324645107736725,0.0
0.1650396471652782,-7.2338808584243,2.0
1.2426679402710263,0.9051782752290709,2.0
-4.2204555175441545,-11.838743942792597,0.0
1.6241106930225628,-0.613592014260695,2.0
-3.6028267807442256,-4.851078078197402,2.0
3.365703667842005,3.060509089389739,3.0
-0.4554342019663542,-11.426481113248945,0.0
-1.6112013612737193,-5.4575784098747,2.0
0.9351505986459772,-3.001740288481918,2.0
-1.632648784763496,-10.184783987356731,0.0
-2.3853487698390032,2.702253964350144,3.0
-2.156932916107505,-2.1760908128777174,2.0
-2.282617503784598,-5.629466841551372,2.0
1.5454656485552423,2.630704467894819,3.0
-0.7524639946546452,-8.727666238047142,2.0
-5.2589135821495345,-7.992558850139989,0.0
1.7960403727195784,-4.643658849774577,2.0
-0.38767682312014473,-2.7002785878330733,2.0
0.3747143284817125,-0.6441283717756519,2.0
-3.832773929439504,-4.9593781287244765,2.0
9.673631862018993,-4.778210362327588,1.0
-2.1841933087313383,3.1224957050530473,3.0
1.151397890732466,2.499706221707026,3.0
-2.6575812846338662,0.9702244411845742,3.0
4.768829357307605,-3.946801181169813,1.0
-4.479178427245495,-8.98917010374973,0.0
-4.63994432305231,-3.8760767902309983,0.0
-1.1148080930086215,2.6297563357097635,3.0
6.598333178056271,-4.813562433881226,1.0
-2.836745756819219,-7.885766773696782,0.0
1.731580292160177,1.1111699211517292,3.0
4.81045813032169,1.8114660121887187,3.0
0.06544430895420517,2.768681827143749,3.0
5.446139315997561,-8.231982472470825,1.0
6.957809072205984,-5.2429170558144955,1.0
-0.4023439395678754,1.7986477334620272,3.0
-3.538600248560555,-9.759537036575246,0.0
-1.2349865477199269,-6.512722753880967,0.0
0.6687110808479835,-4.738703033678524,2.0
-1.4245598664099823,-3.2030190751328464,2.0
-4.355616642294656,-4.441449065313567,2.0
-1.5844827682921223,6.401382111999794,3.0
5.222022257556321,-1.30791291381145,1.0
0.8696727722092721,1.9078281720774357,3.0
4.130008202088398,-4.93521169651441,1.0
1.5400247701670704,2.90868538758693,3.0
4.109070498197511,0.9070853991138097,3.0
-1.7662977697468305,-4.502538126961375,2.0
5.535679468508683,-2.246855419836877,1.0
-0.13934490969537705,-6.225277781057008,2.0
-3.5853042496511076,-5.32178675440415,2.0
4.686567499696894,-3.6986802856669447,1.0
0.6149850385779456,-0.18839665320233046,2.0
-0.552183254181051,5.059167147214437,3.0
-1.991904001587553,5.8601011568608605,3.0
3.6456395600487412,1.2879491039116868,3.0
-2.8622493832406475,-8.620402964840052,0.0
-4.491433667125664,-2.303435520872447,2.0
-3.1041722075672444,-4.921188496331245,2.0
8.123071386829576,-5.915855742029259,1.0
2.0416973494525545,5.759399936660094,3.0
-2.2282665408785114,-9.936956568412702,0.0
2.4703294583704123,-2.8203801625049216,2.0
-2.777037107353557,-10.214729172536305,0.0
-1.5572086201163955,-6.275720346855504,0.0
-1.1092131045452034,0.20252939577213525,3.0
3.7754693276951414,-2.8164413306612897,1.0
6.211685244810833,-1.77498474773155,1.0
5.391821582601656,-3.6085809699635405,1.0
-0.5551781123810673,-2.142090830792915,2.0
-1.8985955822909562,-3.4621668740620235,2.0
-1.9728830077224546,-8.586808135513953,0.0
-2.6890048209762027,-8.449729521299902,0.0
2.175793607526945,-9.330623419774325,0.0
2.362893584874203,-9.112116747421721,0.0
0.9790516026310716,-5.811171284066489,2.0
4.274747965992082,-3.3500028393495795,1.0
2.318456972661662,8.859469148356874,3.0
7.025109433588625,-3.3591096450003963,1.0
-1.50752100614991,-8.277854364451326,0.0
0.7034439228437002,-8.357523026891887,0.0
0.8623926563306723,-2.2327570100887058,2.0
-2.3543756216513576,-10.514826020571478,0.0
-0.09468338832234413,-0.3318002871110384,3.0
-2.3601299596207186,-11.682450073735694,0.0
4.435240139687748,-3.9923582266584456,1.0
1.3020614352286994,-6.902182257860234,2.0
-0.05420541081529695,-9.82556778477039,0.0
-5.885491857171118,-10.02525706406527,0.0
-3.5158122120930058,-5.924417959394212,0.0
-2.6671096330464583,-4.048577475818884,2.0
-1.5558796796887004,-9.86062682947399,2.0
4.096538503706686,-2.0705232751336995,1.0
1.2565491261521555,-6.571988959095011,0.0
-3.445120983608549,-4.071231297316561,2.0
-1.0380732270100677,-4.503778398733599,2.0
12.372242314072707,-2.327673667166941,1.0
5.442102521703983,-5.136746839383742,1.0
-0.40527734523573,2.827169967744082,3.0
3.3880220137321295,-2.167643373929918,1.0
-2.3064369362187245,-2.2882705416728606,2.0
-2.021683845236342,3.855301854649456,3.0
-0.3069868126902344,-7.734189538614633,0.0
8.265178779394715,-4.744644771243073,1.0
-4.573308990092372,-10.529505844295514,0.0
-2.896774740644706,-3.987971599531601,0.0
-0.7402706422255352,-8.359246585699035,0.0
-0.8724439750422299,-6.3131669491101245,2.0
0.29663636050044584,-8.061043173445652,0.0
-0.3908931010747485,-7.9514945119432126,0.0
0.12007765117316871,-8.964372383506646,0.0
2.453658174051407,1.181240362350026,3.0
-2.6704029757695804,-2.866036669588874,2.0
-1.9753730013361295,-9.165205787534848,0.0
2.5608799257650428,-1.2806603393174312,3.0
-2.9771512656890255,-9.242546141258531,0.0
3.707569932550626,-0.3863765465937625,1.0
2.4478833477110507,-8.927015076100098,1.0
1.185212551432599,-7.714445608591375,1.0
5.157619208688277,-7.0913870873110225,1.0
0.4450317349909544,1.8943089674516564,3.0
3.1975880051546635,-2.407329177681752,1.0
2.579234332338972,-9.94588375520966,0.0
-3.395441678295617,-7.925716263021853,0.0
8.10450580553206,-1.6379744140533679,1.0
-0.36529800448941396,-2.867152975183081,2.0
1.6245753964185305,-4.920211028771252,2.0
0.5712933053186711,-3.0543626831515507,2.0
-3.5690200674485144,-0.3964280324309435,2.0
1.2663422539213278,-6.324513806669738,0.0
0.43635589148146536,3.292450516025768,3.0
1.6677114970564846,0.07962572357816722,3.0
7.30995270875991,-2.2097183447613573,1.0
-0.5475338762506268,2.1718608769223824,3.0
-0.6390668702109248,-8.375349730296843,0.0
-2.3598414262375265,-5.099673256094193,2.0
1.8083727748996696,-2.8534993780091717,2.0
4.252588668610418,-8.161329279618851,1.0
0.862425894731188,2.8415647798377135,3.0
1.3840901770021619,0.9413542435617082,2.0
-0.3781274065366418,-2.0417077803420414,2.0
-0.9339144467790813,-5.268219927784724,2.0
-0.07582802743065586,-2.2459832810895852,2.0
1.25509902435945,-9.515437031423362,0.0
-4.572305550164316,-2.258316094338463,2.0
1.0783901620148857,-5.357463053698513,2.0
-1.966815877477072,-10.827797572762602,0.0
8.708841716140498,-3.200766820400945,1.0
1.5603638017475834,5.172877617253253,3.0
3.8953230949435724,-4.4391486415854695,1.0
-2.037244153279804,-7.690239553464955,0.0
4.7989168390914045,-2.7039635746605137,1.0
2.7711317785780634,-5.139894118034581,2.0
1.8057216544969592,2.769592081785201,3.0
1.049963582447793,-8.58555581082969,0.0
6.1586979836355376,0.20951627253217353,1.0
4.067105061454465,-2.4636122106769545,1.0
-0.27988347009128944,2.314398801602571,3.0
0.03547507407926703,-0.15516179287184606,3.0
-3.3310109506233685,-9.265466392634075,0.0
0.28050845401395297,7.625857863314721,3.0
-1.383549977400713,4.631234653138634,3.0
-1.318870266466543,-2.2746853403136784,2.0
3.9560015045104313,-3.6517836307488465,1.0
-1.60157710456394,1.3810826210511113,3.0
0.09008456479484361,-3.854750169480044,2.0
6.035818517935667,-5.173131011476576,1.0
-3.566778959755516,-11.01079217026468,0.0
6.153936618070323,-4.856434322923832,1.0
5.126776455375193,-1.583477456563783,1.0
-2.2613757408050463,2.316699879984707,3.0
0.05085677991269821,-5.656736941784813,2.0
-2.064617041751249,4.350548285247151,3.0
0.5287945864854349,-9.630192156036381,0.0
1.7138746625279087,1.6276702097483655,3.0
5.5306389292475675,-7.547578709499579,1.0
3.7843043277861823,1.7209616093395574,3.0
2.7356361614213434,-9.934549338302332,0.0
-2.6447568610154923,4.93838433103101,3.0
4.847577743937621,-1.7753230465890142,1.0
-1.8549099607909612,0.49991424601156775,3.0
-0.5613400515261144,-2.3042027897251516,2.0
-0.6608141020340959,0.9255976769895944,3.0
-2.2996424215226146,-2.9642812821845634,2.0
-0.19119199950457288,2.79880354019661,3.0
1.6558834397345652,6.00073182235403,3.0
2.8618713264528925,-3.911281504242795,1.0
-1.0095303858561433,-8.59158266240582,0.0
-0.06379318974307857,-6.6412404536853105,0.0
0.2129131868036056,-0.5814972188804473,2.0
7.685283575215162,-4.341876442786418,1.0
-1.262583372236184,-5.329817508267798,2.0
-3.971355266301506,-4.277514979865566,2.0
-4.500582012309815,-9.520644112517964,0.0
4.117074189271422,-6.703015174433044,1.0
5.306462474283823,2.9570419939847827,3.0
6.234064010011695,-2.9691932583410625,1.0
-4.260088632473,-3.8588773031341264,2.0
-0.903661105104133,-0.29599172638673776,3.0
8.590678985180713,-1.6969196512013558,1.0
-4.62972439842773,2.7840829768441653,3.0
-1.2592711295185304,-8.674778574109476,0.0
-0.7046719713861209,4.233438906344098,3.0
6.101795271530342,-4.300770570443519,1.0
-2.04327565665132,-10.520106459327348,0.0
-1.3844198296846748,-3.2794752923011314,2.0
7.64796648366531,-3.5974017467931225,1.0
-0.3983392263754104,1.608989710297502,3.0
-2.5773518114772145,-8.604871829827824,0.0
7.304080785658078,-2.6912486426928215,1.0
0.07172299102387236,6.1903286901718815,3.0
-1.0488018377617574,-6.314208406313847,0.0
5.463474145221731,-5.016582341064161,1.0
3.9768757250832696,-2.268932731774786,1.0
2.0503746520584354,-8.910869419669362,0.0
2.116822408994392,0.371753077774188,1.0
3.7795702762094914,-5.267582248788878,1.0
8.018942566186434,-5.760806779621744,1.0
-0.7604960809057262,-9.061638605881956,0.0
-0.9183500311264206,-2.2553140505573444,2.0
2.5108257790148927,5.148385874878884,3.0
2.5205979632868516,3.4591051032652147,3.0
-0.760609092500192,2.0579173865742417,3.0
0.31347099479259466,1.592703213913876,3.0
-2.039171261837064,-3.714859517442635,2.0
1.1303277677466579,0.26658537619766776,3.0
4.413666388593732,-2.263387531736308,1.0
-4.694902041892387,-9.99963290324404,0.0
5.7752287310788954,-3.254917066599109,1.0
10.804140116835267,-2.632142210441968,1.0
1.0000995333988334,3.344540964482988,3.0
1.9389388375965744,-0.8710369468180956,3.0
-1.3585493795378631,-10.484255793565929,0.0
-0.7537069247009978,-7.252661777384317,0.0
2.9606203135616265,-7.487434598047751,1.0
-1.1987454384350156,-11.133797891056817,0.0
5.441756858539584,-6.532947658605137,1.0
-3.6308957102029544,-7.742182649742736,0.0
2.944609546568016,-3.073991066408561,2.0
-0.5020737810993252,0.7215457194181858,3.0
-2.9699356998645805,-3.584592909917569,2.0
2.351068378955847,-9.231460999006273,0.0
-3.4783968702801147,-3.0806522996130354,2.0
8.00824695654946,-7.932634266047857,1.0
1.6680486269135382,-1.6628784746173721,2.0
2.3821657135743726,-0.9132097845692724,3.0
-0.2809924133871764,-10.959844706956416,0.0
6.645749394061196,-3.4825246383948874,1.0
-3.3922451590107436,4.188297662439545,3.0
4.936676943532275,-4.599693978128589,1.0
-3.7688290565417963,-5.96652647150137,0.0
4.131201028927656,-4.036407582661625,1.0
7.011000048839842,-2.1503681343689336,1.0
-5.793546237355828,-2.940980233420418,2.0
7.7185927697832035,-8.860849386846652,1.0
-4.1624266794284575,-2.5441742711657596,2.0
-1.5917626205973157,-1.4631393209637817,2.0
-7.608248617500433,-8.924125764763087,0.0
5.399790447398508,-5.387467455418073,1.0
5.821281654996445,-2.4793414698658793,1.0
2.513493714237104,-4.176190520109383,1.0
-1.432059360965821,-6.386817126467832,2.0
-3.610119540193717,-7.954852943059199,0.0
2.508903014342154,-5.256835487402496,1.0
-1.9300156628691805,-8.188762138381207,0.0
10.882457453288847,-0.43606286204675815,1.0
-0.48035785069163217,-6.775397691124439,2.0
-1.5562309507173415,-1.910762182430782,2.0
4.264257072215714,-5.723127832117209,1.0
-2.3842633028119806,-6.199391569727685,2.0
-3.672936652369729,-7.511859266358003,0.0
-2.1220738193780457,-9.195822939803408,0.0
4.299172579330068,-3.0163433274807643,1.0
-1.6028619444771761,-6.257582697187408,0.0
-2.510960786295416,-3.1196013759760377,2.0
0.1860156775130919,2.948907361287946,3.0
6.517362468095987,-3.615062036174735,1.0
-1.9356975344090528,3.8613168211689093,3.0
-1.2867563183627386,1.3568203659565425,3.0
0.5045039076374243,-1.666075325497566,2.0
5.806768377363092,-6.44962088854059,1.0
-0.2652880569692432,3.2410873980064165,3.0
5.612850776582792,-5.854940911368686,1.0
-4.766263105601949,-8.27238431266053,0.0
0.02601374939146117,-4.11430732904023,2.0
-0.9988493923174411,2.26322188064528,3.0
4.8406724744870955,-0.949802613324291,3.0
-2.0511662344327664,-6.642718107573234,2.0
1.413212047226478,-8.545829425044092,0.0
1.0646047086869186,-2.0995040108445098,2.0
-0.8708497751405027,0.1721104535936533,3.0
2.0747289616267564,8.2713907143373,3.0
-0.39231566714478183,1.5954953083538248,3.0
-4.210214074411772,-2.467381401854467,2.0
-2.084115256829821,-3.437806558096301,2.0
1.6588033264648319,-5.145293196767199,1.0
3.5555036383488323,-2.075859980000213,1.0
-3.3098286754915156,-7.744175412797146,2.0
-1.634971855902633,3.100557924569406,3.0
-1.6375116142140196,2.9666832342572276,3.0
5.514755576395844,-3.5275096596086613,1.0
-2.621736142781535,3.466339394021582,3.0
-1.527318614020753,-1.2463880647828338,2.0
-1.3698410641970025,-8.377211442989887,0.0
3.272731029526959,1.0169625861782268,3.0
1.8494877671391132,2.9564345299449526,3.0
-1.4839098608973076,-11.625817025601888,0.0
-0.07073918221629372,-2.900888753766896,2.0
-2.499693780138559,-7.284027784289697,0.0
0.4012878081587674,-3.1174760552754766,1.0
5.4583831939887215,-2.9717435984556326,1.0
4.960700111351504,-2.396967261373919,1.0
0.6569794068365788,-5.308246308391608,2.0
-1.8682870103339448,-2.4216731609578104,2.0
-0.05122977651577898,0.23488226999204453,3.0
-1.887242687873498,-5.724322615743171,0.0
2.9386660803792704,3.5450521742593404,3.0
-2.816346842719881,-4.0159383929638865,2.0
-2.165998639362957,-12.074509919801745,0.0
-0.19197053282543552,-6.280427475256076,2.0
4.579986504286251,-3.702609975832624,1.0
9.343755841865308,-2.880231644159873,1.0
-2.270762985460432,-9.519827606349635,0.0
6.4232103783363845,-4.27198716159399,1.0
-0.3610123955985096,3.828496188352805,3.0
2.435317599265262,-3.800579339313277,1.0
-0.848081868481852,-10.195783167747672,0.0
-3.292700657197084,5.336956506662066,3.0
0.8897037922482218,-3.6887414076191587,2.0
8.368334692632573,-5.481556869021256,1.0
-1.943296383136587,-4.054266093506395,2.0
-0.662218101038011,-4.549093638266207,2.0
-1.8759241627815153,-5.910724724514937,0.0
-0.47614968923528,-3.827931296304615,2.0
-1.241834547114166,-10.000469586717147,0.0
4.534504226723957,-5.563685306244877,1.0
-1.2968289794068963,3.233202675740649,3.0
-5.473302986515452,-8.485635411167618,0.0
0.06056319484590578,-5.901357803139881,1.0
-0.6696961389879241,-7.12219072053751,0.0
-0.6629419799894347,-8.317225254103807,0.0
3.839816085832778,-4.167729891096966,1.0
-0.6520393779459157,-8.929439289509316,0.0
-0.09418677132152853,-7.302444411554266,0.0
5.262578094880563,-2.4127185268306635,1.0
-0.3126585440772408,-3.7166599396590687,2.0
-2.6174529528959223,-9.582738729109657,0.0
-1.4590439228423768,1.3176382063627776,3.0
-0.940416364232872,1.628916704045008,3.0
-1.4086913857492682,-10.858237561389195,0.0
0.9051734110402652,-1.0917644901087842,2.0
2.9960754411090598,6.959484508389988,3.0
5.214753797208463,-5.563871343359202,1.0
-0.9686026455683652,-0.2364917934622377,2.0
7.942434921058435,-4.178367245345419,1.0
-2.9754722727334926,-8.93331477207895,0.0
8.239570792232762,0.05071021767996786,1.0
3.484365946186177,3.072728514666446,3.0
6.4235009159981065,-1.01434452415443,1.0
-2.877923394063016,-5.7716773800938626,2.0
0.5866181839543626,-2.448472642964351,3.0
-3.720365152424972,-2.337245104155384,2.0
1.0932212440618199,-3.864481469021425,2.0
-7.574148399436247,-7.507736701814889,0.0
3.890767559025706,-4.423219593281304,1.0
6.657982125636334,-4.9854724414562455,1.0
0.08631627602554737,-2.9247469291944688,2.0
5.587713373822726,-6.2911138879853645,1.0
-4.133924889113278,-5.246968628013897,2.0
-1.2383523631775533,-9.651674447085092,0.0
6.095599679266524,-9.187638855283032,1.0
-5.359121083156008,-8.476305781564951,0.0
0.47854734895781903,2.6116757073775094,3.0
6.72955706447126,-3.609894839354085,1.0
0.7024100844258273,1.8592677492446195,3.0
-2.4713488073738126,-6.991131194452777,0.0
-3.4003218791783607,-2.966914797008865,2.0
-0.06892208659953747,-4.476565334703881,2.0
4.034779143858009,-5.267005143395914,1.0
4.663962743287389,-3.1883665692138274,1.0
0.7999775622555831,-3.380454209452296,2.0
1.1300228615178622,-2.4730625406035363,2.0
-2.0848611712345413,-3.936415476736263,2.0
1.108546041690634,0.9971797111566862,3.0
0.14371579114953592,-4.142138086669416,2.0
7.175765157547139,-0.9580964453559861,1.0
1.5564229799277902,4.789362409668405,3.0
-1.0446719583883504,4.6165117043952115,3.0
1.0638234655966856,0.3728475416790924,3.0
-1.6465619126963205,-5.804079447427249,2.0
3.2783917206822615,-6.669248709848181,2.0
4.761316975112992,-4.300386931135439,1.0
0.5809874298097635,0.7674186833219103,2.0
-0.2738563720312417,-9.035619257171067,0.0
-0.23237765836185753,-10.675300466616962,0.0
-0.7662438142592847,-9.464492219897128,0.0
-1.7776792604044038,-10.589547819476152,0.0
0.24228585068506847,-2.6984879627424023,2.0
8.388218341258762,-6.590016383037798,1.0
-1.5727258035436291,-3.942601483104917,2.0
-0.19064086756334486,-3.50295184072126,2.0
5.470803641425967,-1.9864605914756193,1.0
4.22754101505307,-5.350611744187727,1.0
-0.6897086513812763,-7.712171748812853,2.0
-0.28980780838606224,4.421410133199263,3.0
-4.024624852483685,-7.275147562956903,0.0
7.273553612880451,-5.734414022216244,1.0
-6.706792496286678,-10.30166641189286,0.0
4.167780392703,-5.253719580887084,1.0
-1.782805866676208,-6.347399471703882,0.0
0.12533284092697805,2.3494672905277327,3.0
-0.9666241946885951,-7.12822516658944,0.0
4.543041136559099,-6.50990292965814,1.0
2.9649926469774015,-4.945721060905471,1.0
7.696742241100568,-1.3207328991807694,1.0
-3.836620252478056,-10.387005715481328,0.0
4.85351216432875,-2.1242858725696383,1.0
2.5536262869849957,1.8217333002067764,3.0
0.7559178696519314,0.3768646716501354,3.0
-1.3599425148467417,6.198576995712145,3.0
-0.3621150256053368,-1.0379416446081615,2.0
4.35024476036066,-5.986549036963079,1.0
4.101633416440642,-1.681337906675672,1.0
6.481275718612514,-3.9163291736552237,1.0
10.106783079750151,-5.084403847574849,1.0
0.23825896467258367,-6.179506912897535,0.0
0.06984111650746672,0.6281096003984672,3.0
7.826969636911362,-4.18800581655845,1.0
1.8821041555270348,-0.26266041462853806,3.0
2.9233195060366195,-2.6136542383146906,2.0
-0.5868615233494845,1.6483281767328828,3.0
-1.593273458167737,-9.202267390262813,0.0
-3.636758828452212,-10.503149750381441,0.0
-1.2280279729122263,-6.502801552266892,0.0
-3.3515892979245328,-8.35634585087515,0.0
1.6538220151775005,-1.1997276160312986,3.0
-0.8281615060002562,-5.9273994574352065,2.0
-2.9950732838368888,5.77237627506529,3.0
0.6010149431275678,-10.58168165458214,0.0
-1.4175933027088976,-8.296880179983807,0.0
-1.9860811503900266,1.7677289270101118,3.0
0.08352345693215513,4.6012253079780825,3.0
0.47343213701079545,-5.8008591914005745,0.0
0.25987961049618113,0.9228653946505971,3.0
1.3493596471502398,2.794195722184293,3.0
7.739996292981902,-2.9836693007613557,1.0
4.981160434790826,-4.6542689686414125,1.0
-2.1736135706393123,-2.508652956813042,2.0
-0.7054311822791948,-1.4381197958797265,2.0
-1.5124284764657445,0.6889014761813084,3.0
-2.226919462795539,-1.9915790308869543,2.0
-2.6728649141652725,-8.429558284307197,0.0
3.8385727246978174,-1.138041782589807,1.0
-4.143286824817636,-4.557475869082317,2.0
2.6921284790506324,1.3978504581679434,3.0
-3.0763940066242794,-9.1364644973441,0.0
4.876635614162917,-0.0011389995239796669,3.0
0.5971363049049356,-3.5848981853164648,2.0
4.00363216491489,-8.391537480120961,1.0
-1.905105109222636,-3.448264337814505,2.0
5.140135205429129,-4.976300738530783,1.0
8.170783003682498,-3.3602830659919616,1.0
2.709125119611828,3.9121633960867985,3.0
7.391042590440068,-4.865358344606839,1.0
-0.7588613984801367,-10.524874283376144,0.0
4.525206615753419,-2.9561248200465258,1.0
2.1543349507309904,3.640725586734325,3.0
-1.175027671836954,-10.35902544205033,0.0
0.7254597859035361,3.372674114265792,3.0
1.7557886526955757,-2.2627558923422697,2.0
-1.9823747343305924,-4.116715242215186,0.0
2.0429393232653323,4.081402986599242,3.0
-0.48208794991799253,-3.1041910095460636,2.0
1.453885896990089,0.21578499636874193,3.0
0.5765201131345025,1.2234945692515828,3.0
5.603539603980393,-2.2939248126143807,1.0
-3.272238591390563,-7.157627324499379,0.0
6.808440348546998,-4.548978446664941,1.0
1.2569246160711272,-2.6464129953170983,1.0
0.7472168218789479,1.9449620435935937,3.0
-1.680810870711897,-9.413064752030133,0.0
4.516371318589123,-1.5776487577573053,1.0
1.4959834138197632,0.9173012942869316,3.0
-0.9802663670597712,-7.4583460308677125,2.0
-0.7729387102059222,-7.5369159973341695,2.0
1.3515356325478578,3.235669495252211,3.0
3.498868254677186,-5.874532713458601,1.0
1.1011104929198927,1.2094381971644226,3.0
4.120689327447799,-2.9289992260029822,1.0
-1.8282806216391634,-7.610473692264491,0.0
-6.249230413536993,-5.696640016145865,2.0
-3.2038555114748513,-4.250716928568532,2.0
-1.152490268658803,-9.807606243188285,0.0
0.5410615196757491,-0.9652515887813689,2.0
-2.3640209136130856,-12.002693597100325,0.0
-6.213773232797659,-8.477567396569581,0.0
-2.4347518184894423,-8.555672485758087,0.0
0.17224276452666065,-2.5066448402759987,2.0
4.890064116902283,2.5595655919988043,3.0
-1.8981306074639028,1.9383443224612034,3.0
0.050281179595385916,-1.462124472638462,2.0
-1.449232873415336,-9.16481930786424,0.0
-2.817454696893839,-10.852114431499231,0.0
6.73967452849144,-3.707681861860925,1.0
-2.3746713940942814,-11.465474823202623,0.0
9.665137908067466,-4.049136295479898,1.0
0.4982592534671168,3.291804578236089,3.0
-4.916300611179763,-4.326561485391861,2.0
-1.8727380385503711,-3.4648598142694667,2.0
-1.0346048703220576,-10.706846779754361,0.0
-0.6697195630159369,-8.409468240699633,0.0
3.495309014520207,-4.43950048307858,2.0
-1.4067988173476988,-15.262247236124953,0.0
5.836740186710574,-4.416010053397981,1.0
-3.0163005855585316,-6.934489467392891,0.0
10.62879123949768,-5.0288783720900305,1.0
2.463448359016034,0.305390847065687,3.0
-0.6216282078154649,-2.305303972334057,2.0

